"","Referência","Quartos","Banheiros","Suítes","Vagas.de.Garagem","Bairro","Área.Total","Valor.Venda"
"1"," 132860-4",3,2,0,2," Uvaranas",164,430000
"4"," 146507-4",3,2,1,2," Uvaranas",80,169900
"6"," 120001-4",1,1,0,2," Boa Vista",360,150000
"10"," 147038-4",2,1,0,1," Uvaranas",40,130000
"12"," 126629-4",2,1,0,1," Contorno / Sta. Paula",45,126900
"16"," 126900-4",4,1,1,4," Estrela",249,650000
"18"," 134592-4",4,6,2,3," Estrela",990,1800000
"19"," 142989-4",6,4,1,4," Uvaranas",638,1250000
"20"," 102109-4",3,4,1,2," Orfãs",335,1100000
"21"," 134491-4",3,4,1,4," Uvaranas",194,7e+05
"23"," 148409-4",3,3,1,2," Jardim Carvalho",150,690000
"31"," 144332-4",3,2,1,2," Oficinas",152,680000
"33"," 128538-4",3,3,0,2," Estrela",250,680000
"35"," 120198-4",2,2,1,3," Jardim Carvalho",1683,680000
"39"," 125978-4",3,2,1,2," Neves",180,680000
"40"," 147195-4",3,3,2,2," Oficinas",149,680000
"41"," 126585-4",3,3,1,2," Uvaranas",180,680000
"43"," 154838-4",3,3,1,4," Orfãs",476,657200
"44"," 102701-4",3,3,1,4," Chapada",290,650000
"48"," 151118-4",3,4,2,2," Orfãs",265,650000
"51"," 95221-4",3,2,1,2," Estrela",170,650000
"54"," 79256-4",4,5,2,4," Uvaranas",230,650000
"55"," 154546-4",3,3,1,1," Oficinas",180,650000
"57"," 143442-4",3,2,2,2," Orfãs",445,650000
"59"," 148013-4",4,4,1,3," Uvaranas",896,650000
"60"," 23504-4",7,4,2,6," Jardim Carvalho",420,650000
"61"," 145684-4",3,3,1,1," Chapada",220,650000
"62"," 154409-4",3,3,1,4," Oficinas",280,650000
"63"," 151175-4",5,3,2,4," Oficinas",230,650000
"64"," 133639-4",4,2,1,1," Orfãs",512,650000
"65"," 128595-4",3,2,1,2," Jardim Carvalho",161,650000
"67"," 131516-4",3,4,1,2," Oficinas",490,650000
"70"," 42619-4",5,6,2,2," Oficinas",260,650000
"73"," 111304-4",4,4,1,1," Orfãs",230,650000
"74"," 126474-4",4,2,1,2," Estrela",222,650000
"75"," 130854-4",4,3,1,5," Uvaranas",260,650000
"78"," 154909-4",3,4,3,2," Uvaranas",182,650000
"84"," 144750-4",3,3,1,2," Estrela",247,650000
"85"," 146269-4",4,4,0,1," Neves",300,650000
"86"," 17685-4",3,3,1,2," Oficinas",165,650000
"88"," 144972-4",3,1,0,3," Orfãs",210,650000
"89"," 143386-4",4,4,1,5," Oficinas",160,650000
"91"," 142840-4",3,4,2,5," Jardim Carvalho",134,649000
"92"," 154650-4",3,2,1,4," Contorno / Sta. Paula",462,640000
"94"," 100709-4",3,2,1,1," Orfãs",140,636000
"96"," 132911-4",4,3,1,2," Orfãs",660,630000
"97"," 147581-4",5,3,1,2," Nova Rússia",215,625000
"100"," 85786-4",3,3,1,3," Jardim Carvalho",200,620000
"104"," 147438-4",3,3,1,2," Uvaranas",177,620000
"105"," 106972-4",3,2,1,3," Jardim Carvalho",257,620000
"107"," 22922-4",4,2,1,4," Oficinas",500,610000
"108"," 102672-4",4,3,1,4," Ronda",160,6e+05
"109"," 106950-4",4,2,1,2," Uvaranas",250,6e+05
"110"," 127503-4",3,5,1,2," Nova Rússia",275,6e+05
"111"," 107140-4",3,2,1,2," Nova Rússia",448,6e+05
"112"," 127513-4",4,3,1,5," Uvaranas",260,6e+05
"113"," 20900-4",4,1,2,5," Ronda",990,6e+05
"114"," 133362-4",3,3,2,2," Jardim Carvalho",600,6e+05
"115"," 134573-4",3,2,1,1," Oficinas",220,6e+05
"118"," 143207-4",4,3,2,5," Nova Rússia",363,6e+05
"119"," 21788-4",3,1,0,1," Oficinas",490,6e+05
"120"," 131473-4",3,2,0,2," Orfãs",462,6e+05
"124"," 147067-4",3,3,1,4," Jardim Carvalho",170,6e+05
"129"," 133434-4",5,2,1,1," Oficinas",170,6e+05
"130"," 147123-4",3,1,1,6," Uvaranas",330,6e+05
"131"," 130447-4",4,3,1,2," Estrela",462,6e+05
"134"," 107549-4",3,2,1,3," Estrela",462,6e+05
"135"," 150732-4",3,3,1,2," Uvaranas",164,6e+05
"136"," 129054-4",2,3,1,3," Oficinas",712,6e+05
"138"," 101682-4",3,1,1,4," Uvaranas",230,6e+05
"139"," 146979-4",4,3,1,4," Nova Rússia",448,6e+05
"140"," 148163-4",3,2,1,2," Nova Rússia",275,6e+05
"145"," 102659-4",3,4,1,3," Uvaranas",436,6e+05
"150"," 150697-4",3,4,1,2," Jardim Carvalho",147,595000
"153"," 131488-4",3,1,0,2," Uvaranas",660,590000
"155"," 107472-4",3,2,0,1," Centro",110,590000
"156"," 143095-4",3,3,1,2," Estrela",260,590000
"157"," 147201-4",3,3,1,2," Jardim Carvalho",170,590000
"158"," 126151-4",5,3,1,2," Boa Vista",215,590000
"159"," 23624-4",3,3,1,5," Uvaranas",1000,580000
"160"," 127680-4",3,3,1,3," Uvaranas",235,580000
"161"," 131510-4",2,2,0,2," Oficinas",420,580000
"162"," 131514-4",3,2,1,3," Jardim Carvalho",327,580000
"165"," 148078-4",3,4,2,2," Jardim Carvalho",382,580000
"168"," 104246-4",3,3,1,1," Orfãs",485,580000
"174"," 155042-4",3,4,2,2," Ronda",190,570000
"175"," 154624-4",3,4,2,2," Ronda",190,570000
"176"," 128579-4",3,2,1,3," Ronda",363,570000
"177"," 129262-4",3,3,1,1," Estrela",236,570000
"178"," 148981-4",3,2,1,2," Boa Vista",205,560000
"181"," 120222-4",3,2,1,3," Ronda",300,560000
"182"," 146204-4",4,4,2,4," Nova Rússia",200,560000
"183"," 147373-4",3,2,1,2," Uvaranas",260,560000
"185"," 144553-4",3,3,1,2," Jardim Carvalho",170,550000
"186"," 134539-4",4,3,1,4," Orfãs",160,550000
"192"," 151125-4",4,3,1,3," Jardim Carvalho",432,550000
"193"," 127581-4",4,3,1,2," Nova Rússia",320,550000
"195"," 143718-4",3,3,1,1," Centro",130,550000
"197"," 103091-4",3,3,1,2," Boa Vista",480,550000
"198"," 40484-4",3,2,2,4," Uvaranas",720,550000
"200"," 51581-4",3,1,1,2," Centro",448,550000
"216"," 93628-4",4,3,1,3," Oficinas",221,550000
"217"," 102388-4",3,3,1,2," Oficinas",500,550000
"218"," 150415-4",4,2,0,4," Oficinas",293,550000
"220"," 107006-4",3,2,1,1," Uvaranas",220,550000
"222"," 147235-4",5,5,3,5," Uvaranas",397,550000
"224"," 151636-4",2,3,2,3," Jardim Carvalho",134,547000
"230"," 147485-4",3,3,1,2," Uvaranas",185,535000
"233"," 127759-4",4,3,1,2," Nova Rússia",210,532000
"237"," 146632-4",3,2,0,4," Boa Vista",226,530000
"238"," 154654-4",2,3,0,2," Neves",225,530000
"242"," 127435-4",3,2,0,1," Jardim Carvalho",140,530000
"243"," 129878-4",3,3,1,2," Nova Rússia",180,520000
"245"," 127534-4",2,3,0,2," Neves",348,520000
"247"," 154401-4",3,3,1,2," Uvaranas",150,520000
"249"," 119785-4",3,1,0,2," Uvaranas",660,520000
"250"," 107578-4",3,1,1,1," Oficinas",462,520000
"255"," 153605-4",4,2,1,2," Jardim Carvalho",155,510000
"256"," 144409-4",3,2,1,2," Orfãs",300,510000
"257"," 151174-4",3,2,0,2," Oficinas",177,510000
"259"," 146005-4",3,2,0,3," Jardim Carvalho",145,510000
"264"," 131694-4",2,2,1,2," Chapada",350,5e+05
"269"," 127672-4",3,3,1,2," Nova Rússia",140,5e+05
"272"," 84064-4",3,2,1,2," Nova Rússia",180,5e+05
"274"," 143717-4",3,1,0,1," Centro",128,5e+05
"275"," 146868-4",3,3,1,2," Nova Rússia",180,5e+05
"277"," 67410-4",3,2,1,1," Estrela",410,5e+05
"278"," 142567-4",3,2,0,3," Oficinas",100,5e+05
"283"," 127055-4",3,1,0,1," Nova Rússia",330,5e+05
"287"," 144944-4",3,3,1,2," Nova Rússia",200,5e+05
"289"," 148359-4",3,4,1,3," Oficinas",250,5e+05
"290"," 106942-4",3,3,0,4," Jardim Carvalho",170,5e+05
"291"," 102061-4",3,2,1,2," Oficinas",270,5e+05
"292"," 17880-4",4,2,0,3," Jardim Carvalho",200,5e+05
"293"," 132848-4",4,1,1,2," Oficinas",183,499000
"294"," 110476-4",3,3,1,2," Oficinas",180,499000
"296"," 154322-4",3,3,1,1," Oficinas",104,499000
"297"," 107039-4",4,4,1,1," Oficinas",480,499000
"298"," 142969-4",3,2,1,3," Contorno / Sta. Paula",240,495000
"299"," 127707-4",3,2,0,1," Uvaranas",76,495000
"300"," 142441-4",4,3,1,4," Contorno / Sta. Paula",240,495000
"303"," 134746-4",3,3,1,3," Colônia Dona Luiza",180,495000
"304"," 102670-4",3,3,1,3," Ronda",170,490000
"305"," 127461-4",3,3,1,2," Nova Rússia",135,490000
"308"," 105657-4",3,2,0,2," Olarias",314,490000
"311"," 147088-4",4,1,2,4," Contorno / Sta. Paula",307,490000
"312"," 133396-4",3,3,1,2," Uvaranas",207,490000
"316"," 147403-4",3,1,0,4," Neves",282,490000
"317"," 127448-4",3,2,1,2," Uvaranas",462,490000
"318"," 143411-4",3,3,0,4," Neves",528,480000
"319"," 131475-4",3,3,0,2," Chapada",214,480000
"320"," 107292-4",3,1,0,2," Olarias",164,480000
"324"," 107371-4",3,2,1,1," Uvaranas",170,480000
"326"," 61858-4",3,3,1,3," Oficinas",544,480000
"331"," 146479-4",4,4,2,3," Uvaranas",220,480000
"332"," 126133-4",3,3,1,2," Jardim Carvalho",160,480000
"333"," 148181-4",3,3,1,2," Jardim Carvalho",116,480000
"336"," 146516-4",3,2,1,4," Jardim Carvalho",150,475000
"337"," 147119-4",3,3,1,2," Jardim Carvalho",150,475000
"338"," 146050-4",3,3,1,4," Jardim Carvalho",462,475000
"340"," 76323-4",3,2,1,2," Oficinas",488,470000
"341"," 151070-4",3,2,0,3," Estrela",200,470000
"344"," 133653-4",3,3,0,1," Uvaranas",140,470000
"345"," 108451-4",3,3,0,2," Uvaranas",190,470000
"346"," 145977-4",3,4,3,3," Oficinas",117,470000
"348"," 132079-4",3,3,1,3," Uvaranas",528,470000
"351"," 151651-4",4,2,0,2," Uvaranas",220,470000
"353"," 119887-4",3,4,1,2," Uvaranas",230,469000
"355"," 154631-4",3,2,1,2," Uvaranas",120,460000
"357"," 147596-4",3,3,1,2," Colônia Dona Luiza",125,460000
"358"," 149081-4",3,1,1,2," Orfãs",84,460000
"359"," 150862-4",2,1,1,1," Cará-cará",134,460000
"360"," 119800-4",4,3,1,3," Oficinas",502,460000
"363"," 146716-4",3,3,1,3," Uvaranas",181,460000
"364"," 154735-4",3,3,1,2," Colônia Dona Luiza",330,460000
"366"," 146515-4",3,4,0,2," Uvaranas",160,450000
"369"," 150811-4",3,4,0,2," Oficinas",220,450000
"370"," 20888-4",3,3,1,2," Boa Vista",735,450000
"371"," 98890-4",5,3,1,5," Orfãs",318,450000
"372"," 102764-4",4,3,2,3," Chapada",652,450000
"373"," 151067-4",3,3,1,1," Oficinas",223,450000
"378"," 107254-4",3,2,1,2," Nova Rússia",495,450000
"384"," 131494-4",4,2,0,2," Orfãs",384,450000
"386"," 143925-4",4,4,3,2," Chapada",300,450000
"388"," 127687-4",3,4,1,2," Centro",280,450000
"391"," 151286-4",4,2,0,3," Neves",194,450000
"396"," 128100-4",3,2,1,3," Estrela",200,450000
"399"," 144436-4",3,3,1,3," Jardim Carvalho",149,450000
"400"," 147128-4",3,1,0,6," Estrela",462,450000
"402"," 142833-4",3,3,1,2," Oficinas",223,450000
"411"," 125968-4",5,2,0,2," Centro",200,450000
"414"," 107532-4",3,2,1,1," Boa Vista",139,450000
"416"," 131819-4",3,1,0,1," Uvaranas",151,450000
"418"," 143338-4",3,3,1,2," Estrela",99,450000
"424"," 145817-4",3,3,1,2," Oficinas",225,450000
"427"," 129110-4",3,3,1,2," Nova Rússia",195,450000
"428"," 98258-4",4,3,1,2," Oficinas",223,450000
"429"," 146864-4",3,2,1,1," Jardim Carvalho",116,449000
"431"," 127645-4",3,3,1,2," Estrela",139,440000
"432"," 131536-4",3,2,1,2," Chapada",462,440000
"433"," 107456-4",3,1,1,1," Estrela",139,440000
"434"," 129917-4",3,3,1,2," Chapada",215,440000
"435"," 110774-4",3,2,0,1," Ronda",363,440000
"437"," 150809-4",3,4,1,2," Oficinas",220,435000
"438"," 148417-4",3,4,1,2," Oficinas",153,435000
"439"," 107450-4",2,1,1,2," Oficinas",110,435000
"440"," 146279-4",3,1,0,2," Oficinas",387,435000
"442"," 148420-4",3,1,0,2," Uvaranas",440,430000
"443"," 151066-4",3,3,1,1," Boa Vista",150,430000
"445"," 105522-4",4,2,1,1," Oficinas",462,430000
"446"," 99548-4",3,1,1,1," Estrela",400,430000
"448"," 147856-4",4,2,0,1," Uvaranas",185,430000
"450"," 125526-4",3,1,0,1," Orfãs",130,430000
"451"," 126530-4",3,3,1,2," Jardim Carvalho",133,430000
"452"," 107591-4",3,2,0,3," Uvaranas",170,430000
"453"," 110758-4",3,2,1,1," Jardim Carvalho",135,430000
"455"," 148182-4",3,2,1,2," Jardim Carvalho",116,429000
"456"," 147418-4",3,2,1,1," Jardim Carvalho",129,425000
"461"," 145000-4",3,2,1,2," Jardim Carvalho",200,420000
"464"," 99658-4",3,1,1,2," Uvaranas",560,420000
"467"," 144622-4",4,3,2,3," Nova Rússia",98,420000
"470"," 120461-4",2,3,1,2," Oficinas",238,420000
"472"," 126342-4",3,3,1,2," Nova Rússia",110,420000
"474"," 106329-4",3,3,1,2," Oficinas",400,420000
"475"," 111386-4",3,2,1,2," Oficinas",177,420000
"476"," 104625-4",3,2,1,1," Jardim Carvalho",120,420000
"478"," 127563-4",1,1,1,4," Uvaranas",200,415000
"479"," 125860-4",3,3,0,1," Uvaranas",196,415000
"481"," 127441-4",3,3,1,2," Ronda",129,415000
"483"," 107134-4",4,2,0,2," Boa Vista",409,410000
"484"," 127590-4",3,1,1,2," Ronda",100,410000
"485"," 151158-4",3,3,1,3," Colônia Dona Luiza",160,410000
"486"," 133626-4",3,3,1,1," Oficinas",123,410000
"487"," 145738-4",3,3,1,4," Cará-cará",130,410000
"488"," 154657-4",3,3,1,4," Estrela",137,410000
"489"," 132281-4",3,2,1,2," Oficinas",150,410000
"491"," 127646-4",3,3,1,2," Estrela",128,403000
"492"," 107463-4",3,1,1,1," Estrela",128,403000
"493"," 128027-4",3,3,1,2," Estrela",128,403000
"496"," 98506-4",3,2,1,2," Oficinas",119,4e+05
"497"," 145853-4",3,2,1,1," Jardim Carvalho",123,4e+05
"498"," 132610-4",3,2,0,1," Uvaranas",170,4e+05
"505"," 146854-4",3,2,0,2," Cará-cará",206,4e+05
"507"," 131513-4",3,2,0,2," Boa Vista",420,4e+05
"510"," 154213-4",3,2,1,2," Oficinas",113,4e+05
"516"," 132992-4",3,2,1,1," Jardim Carvalho",248,4e+05
"518"," 104184-4",3,3,1,2," Contorno / Sta. Paula",160,4e+05
"520"," 151647-4",3,2,1,2," Neves",210,4e+05
"522"," 148356-4",3,2,0,2," Uvaranas",155,4e+05
"524"," 148922-4",3,2,1,2," Chapada",560,4e+05
"533"," 131950-4",3,3,1,4," Uvaranas",150,395000
"535"," 143485-4",2,1,0,3," Contorno / Sta. Paula",110,395000
"537"," 130735-4",3,2,1,1," Oficinas",115,395000
"538"," 132111-4",3,1,0,3," Neves",607,390000
"539"," 130977-4",3,3,0,2," Boa Vista",210,390000
"540"," 102738-4",3,3,1,3," Chapada",195,390000
"541"," 111451-4",3,2,0,2," Uvaranas",462,390000
"542"," 146568-4",3,4,2,2," Neves",260,390000
"546"," 142995-4",3,4,1,2," Uvaranas",170,390000
"547"," 131539-4",3,1,0,3," Neves",607,390000
"548"," 130290-4",7,2,1,1," Boa Vista",250,390000
"551"," 111165-4",3,3,1,2," Oficinas",120,390000
"552"," 134269-4",3,2,0,2," Oficinas",180,390000
"556"," 110729-4",2,2,1,4," Uvaranas",250,385000
"558"," 153591-4",3,1,1,2," Jardim Carvalho",133,380000
"560"," 102715-4",3,3,1,2," Jardim Carvalho",138,380000
"562"," 127541-4",2,2,1,1," Oficinas",104,380000
"563"," 151064-4",4,3,1,3," Boa Vista",280,380000
"565"," 77266-4",3,2,2,3," Nova Rússia",180,380000
"566"," 20944-4",4,2,0,2," Oficinas",525,380000
"567"," 23269-4",3,3,1,1," Oficinas",117,380000
"569"," 133370-4",3,2,0,4," Jardim Carvalho",140,380000
"570"," 147291-4",3,1,0,3," Uvaranas",170,380000
"571"," 128555-4",3,2,0,1," Uvaranas",416,380000
"574"," 126936-4",3,1,0,2," Nova Rússia",80,380000
"575"," 46800-4",3,2,1,2," Centro",181,380000
"576"," 103165-4",3,2,1,1," Contorno / Sta. Paula",495,380000
"580"," 143522-4",2,1,0,4," Centro",149,380000
"582"," 144272-4",3,1,0,1," Uvaranas",490,380000
"584"," 146752-4",3,2,1,1," Uvaranas",92,380000
"586"," 18756-4",3,1,0,1," Centro",264,380000
"587"," 142928-4",3,3,1,2," Jardim Carvalho",187,379000
"591"," 153620-4",3,3,1,2," Uvaranas",105,375000
"593"," 148362-4",3,3,1,2," Ronda",144,375000
"597"," 127515-4",3,3,1,2," Jardim Carvalho",143,370000
"599"," 129489-4",4,3,1,2," Jardim Carvalho",120,370000
"601"," 130557-4",2,2,0,2," Boa Vista",120,370000
"602"," 132510-4",4,3,1,2," Jardim Carvalho",247,370000
"604"," 127271-4",3,3,1,2," Uvaranas",136,370000
"607"," 107049-4",3,2,1,3," Uvaranas",150,370000
"608"," 127472-4",3,2,1,2," Uvaranas",105,365000
"609"," 147035-4",3,3,1,1," Jardim Carvalho",87,365000
"610"," 129095-4",3,2,0,1," Uvaranas",260,365000
"612"," 151625-4",3,3,1,2," Jardim Carvalho",87,365000
"613"," 20886-4",3,1,0,2," Uvaranas",125,360000
"614"," 102744-4",3,2,1,2," Jardim Carvalho",100,360000
"617"," 148030-4",3,3,1,2," Ronda",130,360000
"625"," 134974-4",4,3,1,1," Uvaranas",143,360000
"630"," 132100-4",3,2,1,2," Uvaranas",195,360000
"633"," 127473-4",3,2,1,2," Uvaranas",105,350000
"634"," 129880-4",3,3,2,3," Uvaranas",217,350000
"635"," 20894-4",3,1,0,4," Uvaranas",352,350000
"636"," 127526-4",2,3,2,2," Uvaranas",140,350000
"637"," 151061-4",3,2,0,4," Uvaranas",120,350000
"638"," 143654-4",3,3,1,2," Ronda",113,350000
"639"," 134327-4",3,2,1,1," Uvaranas",140,350000
"640"," 147282-4",3,1,0,4," Boa Vista",135,350000
"641"," 154374-4",3,3,1,1," Jardim Carvalho",104,350000
"643"," 132002-4",3,2,1,5," Oficinas",159,350000
"644"," 147070-4",2,2,0,2," Nova Rússia",100,350000
"645"," 128574-4",3,1,0,2," Olarias",490,350000
"646"," 142993-4",3,2,1,1," Oficinas",120,350000
"647"," 127676-4",3,1,0,2," Uvaranas",152,350000
"649"," 130822-4",3,3,1,2," Boa Vista",180,350000
"650"," 126861-4",3,1,0,1," Centro",92,350000
"651"," 146623-4",2,1,0,1," Uvaranas",100,350000
"654"," 40261-4",3,1,0,2," Colônia Dona Luiza",110,350000
"663"," 132016-4",3,1,0,3," Uvaranas",85,350000
"664"," 52594-4",2,2,0,3," Nova Rússia",503,350000
"665"," 125977-4",3,1,0,2," Cará-cará",420,350000
"671"," 154441-4",2,1,0,4," Nova Rússia",90,350000
"674"," 96962-4",3,2,1,2," Uvaranas",180,350000
"679"," 107031-4",2,1,2,1," Uvaranas",140,350000
"680"," 144558-4",3,3,1,4," Uvaranas",330,350000
"684"," 144774-4",2,1,0,2," Boa Vista",100,350000
"685"," 146316-4",4,2,0,2," Olarias",429,350000
"686"," 127401-4",3,1,0,2," Neves",449,349000
"687"," 127372-4",3,2,0,1," Uvaranas",101,345000
"688"," 133664-4",3,3,0,2," Uvaranas",122,345000
"689"," 154215-4",3,3,1,1," Uvaranas",101,345000
"690"," 102689-4",4,3,1,2," Uvaranas",155,340000
"691"," 128081-4",3,2,1,3," Uvaranas",283,340000
"693"," 151058-4",2,1,0,2," Orfãs",120,340000
"694"," 151059-4",4,1,0,1," Contorno / Sta. Paula",120,340000
"696"," 20939-4",3,3,0,2," Nova Rússia",495,340000
"697"," 23028-4",2,3,2,2," Uvaranas",138,340000
"699"," 147802-4",2,1,0,2," Orfãs",510,340000
"701"," 128782-4",2,1,0,1," Uvaranas",114,340000
"702"," 130044-4",3,2,1,1," Ronda",90,340000
"704"," 144261-4",3,3,1,1," Colônia Dona Luiza",105,340000
"707"," 147202-4",4,3,2,2," Boa Vista",120,340000
"709"," 144334-4",3,2,0,2," Uvaranas",120,335000
"710"," 127466-4",3,3,1,2," Estrela",152,330000
"715"," 131481-4",3,3,1,1," Olarias",429,330000
"721"," 147597-4",3,2,0,2," Neves",130,330000
"731"," 68137-4",3,1,0,2," Boa Vista",190,330000
"733"," 150951-4",2,1,0,1," Contorno / Sta. Paula",300,320000
"735"," 129622-4",3,2,0,2," Ronda",462,320000
"737"," 151109-4",2,1,0,4," Orfãs",85,320000
"740"," 127876-4",4,1,0,4," Oficinas",450,320000
"744"," 128572-4",3,2,0,1," Uvaranas",160,320000
"745"," 147794-4",2,2,1,1," Jardim Carvalho",109,320000
"748"," 107364-4",3,3,0,2," Neves",108,320000
"749"," 134646-4",3,2,1,2," Uvaranas",180,320000
"751"," 110514-4",3,2,1,2," Jardim Carvalho",90,320000
"753"," 150367-4",2,2,1,2," Uvaranas",115,320000
"754"," 97102-4",3,2,0,2," Uvaranas",177,320000
"755"," 144295-4",3,3,1,1," Colônia Dona Luiza",105,320000
"757"," 120055-4",2,3,1,5," Uvaranas",170,320000
"758"," 120214-4",3,2,0,2," Nova Rússia",89,320000
"761"," 132764-4",3,1,0,1," Nova Rússia",140,319000
"762"," 148215-4",3,2,0,2," Jardim Carvalho",276,315000
"764"," 103124-4",3,3,1,2," Uvaranas",100,315000
"766"," 154653-4",3,2,0,3," Jardim Carvalho",275,312000
"770"," 143201-4",3,3,1,4," Oficinas",107,310000
"772"," 102815-4",3,2,1,2," Estrela",132,310000
"775"," 147351-4",3,2,0,1," Jardim Carvalho",104,310000
"779"," 119886-4",3,1,0,2," Jardim Carvalho",76,3e+05
"781"," 143401-4",3,2,1,1," Boa Vista",264,3e+05
"783"," 143409-4",3,2,1,2," Uvaranas",136,3e+05
"785"," 126856-4",3,1,1,1," Oficinas",100,3e+05
"786"," 151055-4",3,2,0,1," Contorno / Sta. Paula",100,3e+05
"787"," 102760-4",3,2,0,4," Neves",210,3e+05
"789"," 143200-4",4,3,1,4," Uvaranas",171,3e+05
"790"," 131010-4",3,2,1,1," Jardim Carvalho",125,3e+05
"795"," 127659-4",2,2,0,2," Nova Rússia",70,3e+05
"796"," 119953-4",3,1,0,2," Boa Vista",495,3e+05
"799"," 125399-4",3,2,0,2," Oficinas",436,3e+05
"800"," 129492-4",3,4,1,4," Uvaranas",200,3e+05
"802"," 131519-4",3,3,1,3," Contorno / Sta. Paula",275,3e+05
"803"," 150672-4",4,1,0,1," Contorno / Sta. Paula",320,3e+05
"807"," 142584-4",3,1,0,1," Jardim Carvalho",192,3e+05
"816"," 145616-4",3,2,1,1," Oficinas",450,3e+05
"817"," 146999-4",3,2,0,1," Chapada",462,3e+05
"818"," 127411-4",3,2,1,1," Boa Vista",576,3e+05
"821"," 127425-4",3,2,1,3," Boa Vista",150,3e+05
"822"," 131701-4",3,3,1,1," Chapada",144,299000
"823"," 147827-4",3,3,1,2," Estrela",79,299000
"826"," 143664-4",3,1,0,1," Uvaranas",490,295000
"828"," 128427-4",3,2,0,1," Neves",255,295000
"829"," 27563-4",4,3,1,3," Orfãs",322,295000
"830"," 130837-4",3,1,0,2," Oficinas",495,295000
"831"," 145565-4",3,2,1,1," Jardim Carvalho",91,295000
"832"," 128229-4",3,2,1,2," Nova Rússia",157,295000
"833"," 154919-4",4,2,0,2," Neves",418,295000
"834"," 130707-4",3,1,0,2," Oficinas",495,295000
"837"," 111017-4",3,1,0,1," Orfãs",100,290000
"838"," 134541-4",3,1,0,3," Jardim Carvalho",99,290000
"840"," 132597-4",2,1,0,2," Centro",320,290000
"843"," 151150-4",3,1,0,1," Neves",116,290000
"846"," 132237-4",2,1,0,2," Ronda",90,290000
"851"," 145796-4",3,3,1,2," Boa Vista",270,290000
"852"," 110768-4",3,1,0,1," Neves",275,290000
"856"," 151053-4",2,1,0,2," Uvaranas",160,289000
"860"," 154543-4",3,1,0,1," Uvaranas",80,285000
"861"," 131719-4",3,3,1,2," Jardim Carvalho",95,285000
"862"," 27557-4",3,2,1,2," Contorno / Sta. Paula",280,285000
"863"," 103123-4",3,3,1,2," Uvaranas",100,285000
"865"," 126979-4",3,3,1,2," Uvaranas",99,285000
"866"," 128512-4",3,2,1,3," Jardim Carvalho",130,285000
"867"," 110762-4",3,3,1,2," Uvaranas",120,285000
"868"," 127478-4",3,2,0,2," Ronda",200,280000
"870"," 126851-4",2,1,0,1," Chapada",85,280000
"871"," 154630-4",2,2,1,2," Uvaranas",107,280000
"880"," 79970-4",4,2,0,2," Uvaranas",360,280000
"881"," 133604-4",3,2,0,1," Neves",140,280000
"883"," 148010-4",3,2,1,4," Oficinas",140,280000
"885"," 107294-4",3,2,1,4," Uvaranas",340,280000
"886"," 107303-4",3,1,0,3," Neves",110,280000
"889"," 109219-4",2,1,0,1," Nova Rússia",102,280000
"892"," 131523-4",3,2,0,2," Oficinas",480,280000
"893"," 131528-4",3,1,0,1," Olarias",293,280000
"894"," 103096-4",2,2,0,2," Uvaranas",366,280000
"896"," 127774-4",3,3,0,3," Uvaranas",100,280000
"897"," 84846-4",2,2,1,3," Contorno / Sta. Paula",336,280000
"899"," 132017-4",5,1,0,4," Oficinas",120,280000
"900"," 132078-4",3,1,0,3," Uvaranas",375,280000
"902"," 132466-4",2,1,0,1," Jardim Carvalho",70,280000
"903"," 132958-4",3,1,0,4," Jardim Carvalho",140,280000
"904"," 132479-4",3,1,1,1," Chapada",91,280000
"905"," 150860-4",3,2,1,2," Uvaranas",98,280000
"907"," 147154-4",4,3,1,4," Contorno / Sta. Paula",200,280000
"908"," 120280-4",3,1,0,2," Uvaranas",462,280000
"909"," 126571-4",3,2,1,2," Boa Vista",91,280000
"912"," 127270-4",2,1,0,1," Uvaranas",80,280000
"916"," 148924-4",3,1,0,1," Oficinas",118,280000
"917"," 154734-4",6,2,0,1," Contorno / Sta. Paula",120,280000
"920"," 154780-4",2,1,0,2," Oficinas",307,280000
"922"," 144997-4",3,2,0,2," Olarias",145,280000
"928"," 134945-4",3,3,1,1," Boa Vista",130,275000
"931"," 111536-4",3,2,1,2," Contorno / Sta. Paula",83,270000
"932"," 132351-4",3,2,0,4," Estrela",120,270000
"935"," 126398-4",3,2,0,1," Oficinas",87,270000
"936"," 153624-4",3,3,1,2," Uvaranas",98,270000
"937"," 125800-4",3,3,1,1," Uvaranas",100,270000
"939"," 131501-4",4,2,1,2," Uvaranas",445,270000
"940"," 145306-4",3,1,0,3," Jardim Carvalho",75,270000
"943"," 131541-4",3,2,0,4," Estrela",120,270000
"945"," 85382-4",4,2,1,2," Contorno / Sta. Paula",220,270000
"946"," 142845-4",3,2,0,2," Uvaranas",150,270000
"949"," 142582-4",3,2,1,3," Neves",165,270000
"951"," 129251-4",3,2,0,1," Estrela",120,270000
"954"," 119821-4",3,2,0,2," Contorno / Sta. Paula",135,270000
"957"," 131864-4",3,2,1,2," Chapada",207,270000
"959"," 111010-4",4,3,0,1," Uvaranas",110,270000
"961"," 151045-4",5,2,0,1," Oficinas",170,265000
"962"," 147974-4",2,2,0,1," Uvaranas",120,265000
"963"," 127536-4",3,1,1,2," Jardim Carvalho",105,265000
"964"," 20924-4",3,1,0,3," Uvaranas",311,265000
"965"," 150465-4",3,1,0,2," Neves",162,265000
"966"," 130588-4",2,2,1,2," Contorno / Sta. Paula",80,265000
"967"," 147376-4",3,2,1,3," Uvaranas",184,265000
"969"," 154886-4",3,2,1,3," Uvaranas",130,265000
"971"," 97654-4",1,1,0,2," Nova Rússia",57,265000
"974"," 107083-4",3,1,0,2," Uvaranas",462,260000
"975"," 106647-4",2,1,0,2," Neves",84,260000
"977"," 107104-4",4,2,0,3," Uvaranas",288,260000
"978"," 148202-4",3,1,0,2," Uvaranas",115,260000
"979"," 127500-4",3,1,0,2," Boa Vista",480,260000
"980"," 134323-4",3,2,1,1," Estrela",68,260000
"983"," 145273-4",3,2,1,2," Estrela",76,260000
"984"," 107271-4",3,1,0,1," Cará-cará",480,260000
"985"," 80851-4",3,1,0,1," Jardim Carvalho",105,260000
"992"," 107511-4",3,1,0,1," Nova Rússia",114,260000
"993"," 134944-4",3,3,1,1," Boa Vista",110,260000
"996"," 107566-4",1,1,0,1," Uvaranas",300,260000
"1000"," 94898-4",3,2,0,1," Oficinas",92,260000
"1003"," 127410-4",3,3,1,1," Jardim Carvalho",93,260000
"1005"," 128484-4",2,2,1,2," Oficinas",105,258000
"1007"," 145276-4",3,2,1,2," Estrela",76,255000
"1008"," 143243-4",3,3,1,3," Cará-cará",140,255000
"1012"," 119885-4",3,1,0,2," Jardim Carvalho",76,250000
"1013"," 151041-4",3,1,0,4," Contorno / Sta. Paula",100,250000
"1015"," 128099-4",3,1,0,2," Estrela",120,250000
"1018"," 146564-4",3,2,1,2," Uvaranas",300,250000
"1019"," 117801-4",3,2,0,1," Uvaranas",120,250000
"1020"," 111453-4",3,2,0,1," Boa Vista",300,250000
"1021"," 150598-4",3,2,1,3," Ronda",75,250000
"1028"," 127878-4",3,3,1,2," Uvaranas",77,250000
"1032"," 143923-4",3,1,0,2," Neves",275,250000
"1033"," 106016-4",3,2,0,1," Chapada",520,250000
"1034"," 107314-4",2,1,0,1," Nova Rússia",448,250000
"1039"," 83315-4",3,2,1,2," Ronda",342,250000
"1040"," 103063-4",3,2,0,2," Chapada",90,250000
"1041"," 127178-4",3,1,0,2," Uvaranas",140,250000
"1044"," 46799-4",3,1,0,4," Nova Rússia",400,250000
"1047"," 130587-4",3,2,1,1," Contorno / Sta. Paula",88,250000
"1049"," 134914-4",3,3,1,1," Uvaranas",165,250000
"1052"," 147151-4",3,1,0,3," Uvaranas",165,250000
"1053"," 147152-4",3,2,1,2," Ronda",75,250000
"1055"," 120047-4",3,2,1,1," Uvaranas",170,250000
"1056"," 144260-4",3,2,0,1," Uvaranas",86,250000
"1057"," 129185-4",3,2,0,1," Uvaranas",80,250000
"1059"," 125265-4",3,1,0,2," Contorno / Sta. Paula",170,250000
"1060"," 144748-4",3,1,0,1," Uvaranas",93,250000
"1063"," 104640-4",3,3,0,3," Jardim Carvalho",442,250000
"1064"," 97352-4",2,1,0,1," Uvaranas",55,250000
"1069"," 106566-4",3,2,1,2," Jardim Carvalho",102,250000
"1070"," 132086-4",3,1,0,2," Nova Rússia",120,250000
"1072"," 148189-4",4,3,2,1," Uvaranas",144,250000
"1073"," 133057-4",2,1,1,1," Orfãs",100,250000
"1077"," 147209-4",3,1,0,1," Centro",164,245000
"1078"," 127408-4",3,3,1,1," Jardim Carvalho",93,245000
"1084"," 151039-4",2,2,0,2," Contorno / Sta. Paula",120,240000
"1085"," 154333-4",3,2,1,1," Uvaranas",95,240000
"1090"," 131274-4",2,1,0,1," Cará-cará",110,240000
"1092"," 135072-4",4,2,0,3," Uvaranas",472,240000
"1093"," 131512-4",3,1,0,2," Ronda",360,240000
"1094"," 106316-4",2,2,0,2," Neves",84,240000
"1095"," 107460-4",3,1,1,1," Oficinas",97,240000
"1096"," 146447-4",3,2,0,3," Uvaranas",120,240000
"1098"," 150882-4",3,1,0,3," Colônia Dona Luiza",80,240000
"1101"," 144297-4",3,2,0,2," Estrela",76,240000
"1107"," 151037-4",2,2,0,2," Contorno / Sta. Paula",200,230000
"1108"," 102707-4",3,1,0,1," Chapada",462,230000
"1110"," 150590-4",3,2,1,1," Jardim Carvalho",96,230000
"1120"," 146137-4",3,2,0,2," Oficinas",82,230000
"1121"," 144626-4",3,2,0,3," Colônia Dona Luiza",110,230000
"1122"," 147796-4",3,1,1,1," Ronda",107,230000
"1123"," 110465-4",3,1,1,3," Uvaranas",91,230000
"1127"," 142551-4",2,1,0,1," Jardim Carvalho",100,230000
"1130"," 145519-4",2,1,0,1," Oficinas",70,230000
"1132"," 129703-4",3,3,1,2," Chapada",93,230000
"1133"," 86120-4",3,1,0,1," Oficinas",200,230000
"1134"," 129164-4",3,1,0,1," Ronda",74,230000
"1135"," 142900-4",2,1,0,3," Contorno / Sta. Paula",213,230000
"1136"," 145984-4",3,1,0,2," Contorno / Sta. Paula",134,230000
"1137"," 146936-4",2,2,1,1," Contorno / Sta. Paula",200,230000
"1141"," 134947-4",3,2,1,1," Uvaranas",100,230000
"1144"," 106851-4",2,2,0,2," Neves",88,230000
"1146"," 126115-4",2,2,1,2," Oficinas",88,230000
"1150"," 146261-4",2,2,0,1," Neves",140,230000
"1151"," 132561-4",2,2,0,1," Uvaranas",130,230000
"1157"," 127437-4",4,1,0,2," Uvaranas",65,230000
"1158"," 134303-4",3,1,0,2," Boa Vista",462,230000
"1161"," 131511-4",2,1,0,1," Estrela",144,225000
"1163"," 133665-4",3,2,0,1," Uvaranas",65,225000
"1164"," 146683-4",4,3,0,4," Boa Vista",264,225000
"1167"," 111175-4",3,2,1,1," Uvaranas",114,225000
"1168"," 145214-4",3,2,0,2," Uvaranas",75,225000
"1170"," 131909-4",3,2,1,4," Jardim Carvalho",124,220000
"1171"," 144104-4",3,1,0,2," Oficinas",48,220000
"1172"," 94528-4",2,1,0,2," Jardim Carvalho",110,220000
"1173"," 78041-4",3,1,0,2," Jardim Carvalho",294,220000
"1178"," 119954-4",3,1,1,1," Uvaranas",231,220000
"1183"," 147129-4",3,2,1,2," Uvaranas",300,220000
"1186"," 134903-4",2,2,0,4," Neves",210,220000
"1187"," 110551-4",1,2,1,1," Uvaranas",686,220000
"1188"," 147148-4",2,1,0,2," Contorno / Sta. Paula",104,220000
"1191"," 143809-4",3,2,0,2," Boa Vista",263,220000
"1192"," 143365-4",2,1,0,1," Chapada",200,220000
"1195"," 133562-4",3,2,1,1," Uvaranas",78,218000
"1196"," 107704-4",3,1,0,1," Uvaranas",63,218000
"1198"," 153589-4",3,1,0,2," Jardim Carvalho",80,215000
"1199"," 143865-4",2,2,0,1," Estrela",62,215000
"1201"," 102821-4",3,1,0,1," Estrela",70,215000
"1206"," 125214-4",2,1,0,1," Jardim Carvalho",123,215000
"1209"," 107380-4",2,2,0,2," Nova Rússia",198,212000
"1212"," 133577-4",3,2,0,1," Olarias",311,210000
"1213"," 27565-4",2,1,0,1," Jardim Carvalho",287,210000
"1219"," 130281-4",3,2,1,2," Chapada",93,210000
"1222"," 134497-4",3,2,1,2," Cará-cará",300,210000
"1223"," 148361-4",2,2,0,1," Neves",74,210000
"1227"," 132377-4",3,1,0,2," Boa Vista",110,207000
"1228"," 132514-4",3,1,0,1," Boa Vista",119,207000
"1233"," 134547-4",3,2,1,2," Uvaranas",100,2e+05
"1236"," 143869-4",3,1,1,3," Cará-cará",85,2e+05
"1239"," 154834-4",3,2,1,2," Uvaranas",102,2e+05
"1241"," 148277-4",3,1,1,2," Uvaranas",525,2e+05
"1245"," 40262-4",3,1,0,1," Uvaranas",60,2e+05
"1246"," 128231-4",2,1,0,1," Uvaranas",64,2e+05
"1248"," 107386-4",2,1,0,1," Colônia Dona Luiza",86,2e+05
"1251"," 22220-4",3,2,1,1," Uvaranas",100,2e+05
"1255"," 133648-4",2,1,0,1," Uvaranas",476,2e+05
"1260"," 146484-4",3,2,1,1," Jardim Carvalho",72,2e+05
"1265"," 142667-4",4,3,0,2," Chapada",360,2e+05
"1266"," 151029-4",2,1,0,2," Contorno / Sta. Paula",60,2e+05
"1267"," 151034-4",2,1,0,1," Contorno / Sta. Paula",83,2e+05
"1269"," 145310-4",3,2,1,2," Oficinas",64,199000
"1270"," 134161-4",3,1,0,2," Estrela",68,199000
"1276"," 147618-4",3,2,0,2," Oficinas",80,198000
"1278"," 151642-4",3,1,1,1," Uvaranas",90,198000
"1281"," 21329-4",3,1,0,2," Neves",110,195000
"1284"," 151282-4",3,1,0,1," Cará-cará",80,195000
"1285"," 133666-4",3,2,0,1," Uvaranas",65,195000
"1292"," 154757-4",3,2,1,3," Cará-cará",65,190000
"1293"," 145868-4",1,1,0,5," Ronda",396,190000
"1298"," 146565-4",3,1,1,1," Uvaranas",100,190000
"1299"," 143657-4",3,2,1,2," Uvaranas",81,190000
"1300"," 154353-4",3,1,1,1," Jardim Carvalho",70,190000
"1302"," 107205-4",3,1,0,1," Neves",660,190000
"1303"," 132033-4",3,2,1,3," Oficinas",65,190000
"1305"," 130212-4",3,2,2,1," Uvaranas",80,190000
"1306"," 134365-4",2,1,0,1," Ronda",70,190000
"1308"," 126828-4",3,2,0,1," Contorno / Sta. Paula",108,190000
"1311"," 145774-4",2,3,1,7," Ronda",100,190000
"1314"," 148145-4",2,1,0,2," Ronda",70,190000
"1317"," 104626-4",3,1,0,2," Uvaranas",80,190000
"1318"," 129364-4",2,1,0,1," Uvaranas",128,190000
"1319"," 125584-4",2,1,0,1," Ronda",70,190000
"1321"," 142894-4",2,2,1,2," Neves",160,190000
"1322"," 145196-4",3,1,0,1," Uvaranas",126,190000
"1325"," 151026-4",3,1,0,1," Uvaranas",78,189000
"1327"," 105571-4",3,2,0,1," Cará-cará",90,185000
"1330"," 126653-4",2,1,0,2," Uvaranas",80,185000
"1331"," 27472-4",2,1,0,1," Olarias",429,185000
"1333"," 149068-4",3,1,0,1," Uvaranas",66,185000
"1335"," 154901-4",2,2,0,1," Uvaranas",60,185000
"1337"," 130250-4",3,1,0,1," Neves",70,185000
"1339"," 150916-4",2,1,0,2," Uvaranas",66,185000
"1341"," 145189-4",2,2,0,1," Uvaranas",66,185000
"1342"," 144557-4",3,3,0,1," Contorno / Sta. Paula",476,185000
"1344"," 127069-4",2,1,0,2," Jardim Carvalho",144,180000
"1346"," 132478-4",2,1,0,1," Uvaranas",65,180000
"1348"," 98455-4",3,2,0,1," Uvaranas",320,180000
"1350"," 146566-4",3,1,0,1," Colônia Dona Luiza",24,180000
"1351"," 155035-4",2,1,0,1," Uvaranas",90,180000
"1353"," 107160-4",2,2,0,2," Neves",63,180000
"1354"," 135056-4",3,2,1,3," Cará-cará",200,180000
"1358"," 127596-4",2,1,0,1," Neves",105,180000
"1363"," 131724-4",3,1,0,1," Cará-cará",100,180000
"1366"," 151271-4",2,1,0,2," Uvaranas",55,180000
"1368"," 27560-4",2,1,0,1," Contorno / Sta. Paula",150,180000
"1369"," 132965-4",2,1,0,1," Uvaranas",85,180000
"1377"," 134902-4",2,1,0,1," Uvaranas",85,180000
"1380"," 144468-4",2,1,0,1," Uvaranas",80,180000
"1381"," 107449-4",3,1,0,1," Olarias",95,180000
"1384"," 135382-4",3,1,0,1," Cará-cará",115,180000
"1395"," 133032-4",4,2,0,2," Jardim Carvalho",144,180000
"1399"," 142895-4",2,1,0,2," Neves",120,180000
"1400"," 107905-4",3,1,0,2," Cará-cará",429,180000
"1401"," 151025-4",2,1,0,2," Nova Rússia",70,180000
"1402"," 127438-4",3,1,0,1," Uvaranas",214,180000
"1404"," 150580-4",4,3,0,4," Neves",150,180000
"1405"," 119881-4",2,1,0,2," Boa Vista",468,180000
"1406"," 134422-4",3,2,1,1," Cará-cará",73,179500
"1409"," 133361-4",3,1,0,1," Cará-cará",69,175000
"1410"," 145055-4",3,3,1,1," Uvaranas",91,175000
"1412"," 145541-4",2,1,1,1," Ronda",100,175000
"1413"," 19623-4",2,2,1,4," Ronda",90,175000
"1418"," 117829-4",3,2,1,2," Cará-cará",153,173000
"1419"," 133494-4",2,2,0,2," Oficinas",68,172000
"1420"," 145415-4",3,2,0,1," Neves",71,170000
"1421"," 143864-4",2,1,0,1," Uvaranas",80,170000
"1424"," 145428-4",3,1,0,1," Estrela",59,170000
"1425"," 132003-4",3,1,0,2," Neves",67,170000
"1427"," 154535-4",2,1,0,2," Jardim Carvalho",57,170000
"1434"," 128160-4",2,2,0,1," Uvaranas",67,170000
"1436"," 131152-4",2,2,1,2," Jardim Carvalho",90,170000
"1441"," 144470-4",2,1,0,1," Uvaranas",80,170000
"1443"," 144462-4",3,1,0,1," Uvaranas",73,170000
"1447"," 107515-4",2,1,0,1," Uvaranas",462,170000
"1448"," 143320-4",3,1,0,2," Contorno / Sta. Paula",465,170000
"1449"," 150729-4",4,2,1,1," Uvaranas",90,170000
"1452"," 154275-4",2,1,0,1," Nova Rússia",117,170000
"1453"," 130704-4",3,1,0,2," Cará-cará",90,170000
"1454"," 120309-4",3,1,0,1," Uvaranas",120,170000
"1455"," 147434-4",2,1,0,1," Jardim Carvalho",57,170000
"1458"," 146766-4",3,2,0,1," Ronda",78,170000
"1462"," 131880-4",3,1,0,1," Cará-cará",55,170000
"1463"," 153586-4",2,1,0,3," Boa Vista",50,170000
"1465"," 127636-4",3,2,0,2," Cará-cará",78,169000
"1467"," 143561-4",2,1,0,2," Cará-cará",62,169000
"1470"," 134454-4",2,2,0,1," Neves",68,169000
"1473"," 131723-4",2,2,1,1," Neves",58,167000
"1476"," 143418-4",3,2,1,2," Cará-cará",80,165000
"1477"," 127608-4",2,1,0,1," Uvaranas",88,165000
"1478"," 143674-4",2,2,0,1," Oficinas",75,165000
"1479"," 131491-4",3,2,0,2," Neves",275,165000
"1483"," 118064-4",2,1,0,1," Oficinas",64,165000
"1484"," 125882-4",3,1,0,1," Uvaranas",69,165000
"1485"," 146419-4",2,1,0,1," Boa Vista",155,165000
"1487"," 131768-4",3,1,0,2," Estrela",78,165000
"1489"," 85696-4",2,1,0,1," Uvaranas",65,165000
"1492"," 128031-4",3,1,0,2," Cará-cará",85,165000
"1493"," 131655-4",3,2,1,2," Cará-cará",65,165000
"1504"," 144805-4",2,1,0,1," Colônia Dona Luiza",120,160000
"1505"," 111877-4",2,1,1,1," Cará-cará",117,160000
"1507"," 128138-4",3,1,0,1," Cará-cará",160,160000
"1508"," 132541-4",2,1,0,3," Nova Rússia",495,160000
"1510"," 128189-4",2,2,1,1," Uvaranas",75,160000
"1511"," 107404-4",2,1,0,1," Colônia Dona Luiza",275,160000
"1515"," 144467-4",2,1,0,1," Uvaranas",80,160000
"1517"," 147632-4",3,1,0,1," Estrela",63,160000
"1521"," 128783-4",2,1,0,2," Uvaranas",61,160000
"1526"," 107585-4",2,1,0,1," Jardim Carvalho",82,160000
"1532"," 126556-4",2,1,0,1," Uvaranas",115,160000
"1535"," 151013-4",2,1,0,1," Uvaranas",106,160000
"1536"," 151014-4",2,1,0,1," Boa Vista",70,160000
"1539"," 127564-4",2,1,0,2," Jardim Carvalho",90,159000
"1540"," 23962-4",3,1,0,2," Jardim Carvalho",89,159000
"1541"," 128482-4",2,1,1,1," Uvaranas",140,159000
"1543"," 94130-4",3,1,0,1," Cará-cará",250,155000
"1545"," 143871-4",3,1,0,2," Cará-cará",73,155000
"1546"," 148982-4",2,1,0,1," Uvaranas",65,155000
"1547"," 148438-4",3,1,0,1," Contorno / Sta. Paula",88,155000
"1550"," 130874-4",2,1,0,1," Chapada",77,155000
"1556"," 127675-4",2,1,0,1," Cará-cará",68,154000
"1559"," 143172-4",2,1,0,1," Colônia Dona Luiza",63,150000
"1560"," 127481-4",3,2,1,2," Cará-cará",78,150000
"1562"," 133071-4",2,1,0,1," Uvaranas",140,150000
"1563"," 131907-4",2,2,0,2," Uvaranas",130,150000
"1566"," 146567-4",3,2,0,1," Neves",100,150000
"1568"," 102778-4",2,1,0,1," Uvaranas",60,150000
"1574"," 95083-4",3,1,0,2," Boa Vista",275,150000
"1575"," 78574-4",2,1,0,1," Cará-cará",486,150000
"1581"," 143678-4",3,1,0,1," Uvaranas",105,150000
"1583"," 130784-4",3,2,1,2," Cará-cará",70,150000
"1585"," 130787-4",3,1,0,1," Contorno / Sta. Paula",70,150000
"1586"," 131482-4",2,1,0,1," Colônia Dona Luiza",429,150000
"1587"," 117852-4",3,1,0,1," Uvaranas",100,150000
"1591"," 145311-4",2,1,0,1," Colônia Dona Luiza",55,150000
"1593"," 150667-4",3,1,0,1," Jardim Carvalho",58,150000
"1601"," 130284-4",2,1,0,2," Oficinas",50,150000
"1602"," 125971-4",2,1,0,1," Chapada",80,150000
"1604"," 103890-4",2,1,0,1," Uvaranas",80,150000
"1605"," 142752-4",3,1,0,2," Cará-cará",62,150000
"1607"," 129094-4",2,1,0,2," Jardim Carvalho",76,150000
"1608"," 143770-4",3,1,0,1," Uvaranas",110,150000
"1612"," 130334-4",3,1,0,1," Contorno / Sta. Paula",60,150000
"1616"," 91207-4",2,1,0,1," Uvaranas",60,150000
"1617"," 146750-4",2,1,0,1," Oficinas",490,150000
"1621"," 102235-4",2,1,0,1," Cará-cará",536,150000
"1624"," 107818-4",2,1,0,1," Uvaranas",55,150000
"1625"," 107836-4",2,1,0,2," Boa Vista",60,150000
"1628"," 127424-4",3,1,0,2," Uvaranas",270,150000
"1630"," 135028-4",3,2,0,1," Boa Vista",80,150000
"1631"," 132826-4",3,1,0,1," Uvaranas",62,150000
"1632"," 126818-4",3,1,0,2," Colônia Dona Luiza",60,150000
"1634"," 143619-4",2,1,0,2," Uvaranas",54,149000
"1636"," 127552-4",2,1,0,1," Colônia Dona Luiza",70,147000
"1639"," 142535-4",2,1,0,1," Contorno / Sta. Paula",151,145000
"1640"," 148201-4",2,1,0,2," Uvaranas",100,145000
"1642"," 111434-4",2,1,0,1," Boa Vista",48,145000
"1645"," 110316-4",3,1,1,2," Uvaranas",77,145000
"1647"," 154800-4",2,1,0,1," Boa Vista",48,145000
"1648"," 143437-4",2,1,0,1," Oficinas",48,145000
"1649"," 127365-4",3,1,0,1," Cará-cará",58,145000
"1654"," 132022-4",2,1,0,1," Cará-cará",70,145000
"1655"," 148300-4",2,1,0,2," Boa Vista",90,145000
"1662"," 145574-4",2,1,0,1," Cará-cará",45,145000
"1663"," 144945-4",2,2,1,2," Cará-cará",120,145000
"1665"," 147433-4",2,1,0,1," Jardim Carvalho",80,145000
"1668"," 145380-4",3,1,0,2," Neves",54,145000
"1669"," 131878-4",2,1,0,1," Cará-cará",46,145000
"1671"," 127455-4",2,2,0,2," Uvaranas",200,145000
"1674"," 130786-4",2,1,0,2," Cará-cará",54,144000
"1675"," 143797-4",2,1,0,1," Oficinas",44,144000
"1676"," 132340-4",2,1,0,1," Oficinas",46,144000
"1677"," 131881-4",2,1,0,1," Cará-cará",46,141900
"1678"," 19631-4",3,2,0,1," Cará-cará",110,140000
"1682"," 111523-4",3,1,0,1," Uvaranas",63,140000
"1683"," 107208-4",2,1,0,2," Uvaranas",136,140000
"1686"," 127358-4",2,1,0,1," Uvaranas",57,140000
"1687"," 146135-4",2,2,1,2," Ronda",62,140000
"1695"," 143470-4",2,1,0,1," Oficinas",48,140000
"1697"," 151277-4",2,1,0,1," Ronda",50,140000
"1698"," 149043-4",3,1,0,1," Jardim Carvalho",70,140000
"1701"," 131527-4",2,1,0,2," Jardim Carvalho",250,140000
"1714"," 148322-4",2,1,0,2," Contorno / Sta. Paula",55,140000
"1715"," 142749-4",2,1,0,2," Cará-cará",62,140000
"1717"," 110722-4",2,1,0,2," Cará-cará",58,140000
"1720"," 143359-4",2,1,0,1," Oficinas",80,140000
"1726"," 153542-4",2,1,0,1," Boa Vista",85,140000
"1729"," 128411-4",2,1,0,1," Jardim Carvalho",56,140000
"1733"," 131233-4",2,1,0,1," Cará-cará",50,139900
"1736"," 145860-4",2,1,0,4," Uvaranas",50,139000
"1740"," 146925-4",2,1,0,1," Uvaranas",60,139000
"1741"," 51842-4",2,1,0,1," Uvaranas",57,139000
"1743"," 151620-4",2,1,0,1," Jardim Carvalho",60,139000
"1744"," 127361-4",2,1,0,2," Neves",45,138000
"1746"," 144848-4",2,1,0,1," Uvaranas",55,138000
"1749"," 143438-4",2,1,0,1," Oficinas",48,137000
"1752"," 131879-4",2,1,0,1," Cará-cará",45,137000
"1753"," 155039-4",2,1,0,2," Colônia Dona Luiza",80,136000
"1754"," 143795-4",2,1,0,2," Uvaranas",58,136000
"1755"," 126557-4",2,1,0,2," Uvaranas",50,136000
"1757"," 111435-4",1,1,0,1," Boa Vista",48,135000
"1758"," 143870-4",2,1,0,3," Cará-cará",50,135000
"1760"," 131474-4",2,1,0,1," Colônia Dona Luiza",51,135000
"1762"," 127363-4",2,1,0,1," Cará-cará",52,135000
"1763"," 129924-4",2,1,0,1," Olarias",45,135000
"1764"," 153623-4",2,1,1,2," Ronda",62,135000
"1767"," 110276-4",3,1,0,2," Cará-cará",55,135000
"1770"," 143471-4",2,1,0,1," Oficinas",48,135000
"1774"," 129714-4",2,1,0,1," Uvaranas",48,135000
"1775"," 147369-4",2,1,0,1," Colônia Dona Luiza",51,135000
"1776"," 154413-4",2,1,0,1," Oficinas",48,135000
"1777"," 132956-4",2,1,0,1," Colônia Dona Luiza",51,135000
"1780"," 134950-4",2,1,0,2," Cará-cará",47,135000
"1785"," 129346-4",2,1,0,1," Oficinas",44,135000
"1786"," 150996-4",2,1,0,1," Colônia Dona Luiza",48,135000
"1787"," 150997-4",1,1,0,1," Chapada",48,135000
"1788"," 151000-4",2,1,0,1," Uvaranas",51,135000
"1791"," 143385-4",2,2,0,1," Oficinas",80,135000
"1794"," 111177-4",2,1,0,1," Boa Vista",48,135000
"1796"," 147601-4",2,1,0,1," Uvaranas",46,133000
"1800"," 147247-4",2,1,0,1," Neves",51,130000
"1801"," 142490-4",2,1,0,2," Cará-cará",50,130000
"1802"," 20914-4",2,1,0,2," Chapada",548,130000
"1803"," 147979-4",2,1,0,1," Jardim Carvalho",70,130000
"1810"," 22328-4",2,2,1,3," Contorno / Sta. Paula",110,130000
"1811"," 127364-4",2,1,0,1," Cará-cará",51,130000
"1820"," 127750-4",2,1,0,1," Uvaranas",65,130000
"1821"," 144858-4",2,1,0,1," Cará-cará",46,130000
"1827"," 146926-4",2,1,0,1," Uvaranas",55,130000
"1828"," 125982-4",2,1,0,1," Colônia Dona Luiza",45,130000
"1831"," 107583-4",2,1,0,2," Cará-cará",113,130000
"1832"," 146475-4",3,1,0,1," Uvaranas",65,130000
"1833"," 126118-4",2,2,0,1," Cará-cará",97,130000
"1834"," 130527-4",2,1,0,1," Uvaranas",55,130000
"1835"," 147218-4",2,1,0,1," Uvaranas",53,130000
"1836"," 154964-4",3,1,0,1," Uvaranas",65,130000
"1839"," 130791-4",2,1,0,1," Uvaranas",53,129900
"1840"," 143620-4",2,1,0,3," Uvaranas",46,129000
"1841"," 154978-4",2,1,0,1," Chapada",48,128000
"1842"," 132387-4",2,1,0,1," Cará-cará",58,128000
"1847"," 117893-4",2,1,0,2," Uvaranas",46,127000
"1848"," 154271-4",2,1,0,1," Neves",45,126900
"1849"," 111524-4",2,1,0,1," Uvaranas",55,126000
"1850"," 150740-4",2,1,0,3," Uvaranas",60,126000
"1855"," 147248-4",2,1,0,2," Uvaranas",53,125000
"1862"," 117845-4",2,1,0,1," Contorno / Sta. Paula",275,125000
"1868"," 147370-4",2,1,0,1," Colônia Dona Luiza",51,125000
"1869"," 125919-4",3,1,0,2," Jardim Carvalho",67,125000
"1879"," 143155-4",2,1,0,1," Chapada",152,125000
"1880"," 111404-4",2,1,0,2," Cará-cará",45,122000
"1885"," 128048-4",2,1,0,1," Ronda",55,120000
"1887"," 148986-4",4,2,0,1," Uvaranas",469,120000
"1896"," 110267-4",1,1,0,1," Jardim Carvalho",275,120000
"1898"," 107307-4",3,1,0,2," Colônia Dona Luiza",300,120000
"1901"," 135116-4",2,1,0,2," Jardim Carvalho",42,120000
"1903"," 130875-4",2,1,0,1," Chapada",53,120000
"1906"," 110599-4",2,1,0,1," Cará-cará",60,120000
"1909"," 134949-4",2,1,0,2," Cará-cará",47,120000
"1911"," 89550-4",2,1,0,1," Uvaranas",50,120000
"1913"," 150992-4",2,1,0,1," Colônia Dona Luiza",90,120000
"1915"," 128029-4",2,1,0,1," Colônia Dona Luiza",50,120000
"1916"," 130051-4",3,1,0,2," Nova Rússia",98,120000
"1917"," 129764-4",2,1,0,1," Uvaranas",43,119990
"1919"," 127597-4",2,1,0,1," Uvaranas",98,118000
"1921"," 134240-4",3,1,0,1," Uvaranas",70,118000
"1930"," 143872-4",2,1,0,2," Cará-cará",50,115000
"1932"," 20940-4",2,1,0,1," Jardim Carvalho",60,115000
"1934"," 130783-4",2,1,0,2," Boa Vista",52,115000
"1937"," 127641-4",2,1,0,1," Cará-cará",51,115000
"1941"," 151207-4",2,1,0,1," Boa Vista",50,115000
"1942"," 145525-4",2,1,0,1," Neves",180,115000
"1945"," 147401-4",2,1,0,1," Uvaranas",55,115000
"1946"," 147177-4",2,1,0,1," Neves",70,115000
"1948"," 150990-4",3,1,0,1," Colônia Dona Luiza",63,115000
"1950"," 143154-4",2,1,0,1," Chapada",104,115000
"1955"," 110133-4",2,1,0,2," Cará-cará",150,110000
"1957"," 131486-4",2,1,0,2," Cará-cará",144,110000
"1959"," 128335-4",2,1,0,1," Uvaranas",52,110000
"1965"," 143436-4",2,1,0,1," Jardim Carvalho",50,105000
"1966"," 82934-4",2,1,0,1," Estrela",47,105000
"1974"," 128657-4",2,1,0,1," Cará-cará",151,1e+05
"1975"," 146747-4",3,1,0,1," Uvaranas",60,1e+05
"1980"," 147570-4",2,1,0,1," Ronda",46,95000
"1982"," 143995-4",2,1,0,1," Jardim Carvalho",41,95000
"1983"," 104454-4",2,1,0,1," Chapada",48,95000
"1991"," 151618-4",2,1,0,1," Uvaranas",54,84793
"1993"," 128183-4",2,1,0,1," Jardim Carvalho",90,80000
"1997"," 131908-4",3,1,0,1," Colônia Dona Luiza",60,70000
"2005"," 151617-4",2,1,0,2," Uvaranas",49,60408
"2007"," 102674-4",1,1,0,1," Uvaranas",29,60000
"2009"," 150981-4",2,1,0,1," Cará-cará",39,57875
"2012"," 131061-4",3,5,3,3," Colônia Dona Luiza",510,4200000
"2025"," 84251-4",6,6,2,5," Jardim Carvalho",1980,3800000
"2026"," 154233-4",4,8,2,4," Estrela",387,3600000
"2028"," 105613-4",5,7,5,4," Estrela",1000,3500000
"2032"," 128544-4",6,6,3,6," Estrela",800,3200000
"2036"," 143098-4",5,3,3,6," Estrela",2000,3200000
"2037"," 132382-4",3,4,3,4," Estrela",536,3e+06
"2038"," 128542-4",4,5,4,5," Estrela",500,3e+06
"2042"," 146444-4",4,6,4,2," Estrela",500,2900000
"2043"," 126586-4",3,4,0,4," Centro",453,2900000
"2044"," 126145-4",4,5,3,6," Jardim Carvalho",850,2850000
"2046"," 78576-4",4,6,2,8," Centro",909,2800000
"2048"," 46801-4",3,1,1,2," Jardim Carvalho",2000,2800000
"2058"," 111788-4",3,3,3,4," Estrela",500,2500000
"2059"," 128786-4",3,4,3,2," Jardim Carvalho",440,2400000
"2061"," 127460-4",3,5,3,3," Estrela",356,2350000
"2067"," 20920-4",4,4,2,4," Nova Rússia",1000,2200000
"2070"," 151192-4",4,5,4,3," Estrela",350,2200000
"2073"," 107252-4",5,5,3,4," Jardim Carvalho",1417,2150000
"2076"," 144346-4",4,7,4,2," Estrela",386,2e+06
"2078"," 102810-4",3,3,1,2," Oficinas",380,2e+06
"2080"," 151279-4",5,5,3,5," Estrela",500,2e+06
"2081"," 108575-4",4,3,2,3," Centro",460,2e+06
"2085"," 132350-4",5,5,4,6," Orfãs",443,1990000
"2086"," 148348-4",4,5,4,2," Oficinas",367,1990000
"2088"," 82637-4",4,4,1,3," Boa Vista",1097,1980000
"2098"," 144242-4",3,7,3,6," Jardim Carvalho",360,1950000
"2101"," 146033-4",4,6,3,2," Oficinas",450,1950000
"2104"," 128507-4",5,4,1,2," Uvaranas",292,1900000
"2106"," 125879-4",4,5,2,3," Estrela",990,1900000
"2107"," 52493-4",4,5,4,3," Estrela",585,1900000
"2120"," 109601-4",4,4,2,2," Nova Rússia",785,1800000
"2124"," 154326-4",4,5,4,3," Orfãs",372,1750000
"2130"," 147306-4",4,2,0,2," Centro",387,1700000
"2132"," 106066-4",3,5,3,2," Estrela",462,1700000
"2139"," 146544-4",3,5,1,6," Oficinas",300,1680000
"2141"," 24110-4",4,4,2,4," Centro",689,1650000
"2142"," 110732-4",4,6,2,1," Centro",687,1650000
"2143"," 102668-4",5,5,2,6," Boa Vista",787,1650000
"2144"," 20922-4",5,6,3,10," Centro",520,1600000
"2146"," 131505-4",4,6,4,2," Estrela",495,1600000
"2148"," 107381-4",3,4,3,4," Estrela",372,1600000
"2149"," 107437-4",4,3,0,4," Jardim Carvalho",430,1600000
"2152"," 154325-4",3,5,3,3," Estrela",402,1600000
"2154"," 154273-4",3,5,3,2," Oficinas",300,1590000
"2155"," 100904-4",3,5,1,2," Estrela",450,1575000
"2158"," 102770-4",4,5,1,4," Centro",350,1500000
"2159"," 148415-4",4,6,4,4," Uvaranas",350,1500000
"2160"," 128383-4",5,5,1,10," Estrela",244,1500000
"2162"," 130790-4",3,2,1,4," Orfãs",297,1500000
"2163"," 131484-4",5,5,2,4," Jardim Carvalho",547,1500000
"2164"," 102121-4",4,3,1,4," Jardim Carvalho",327,1500000
"2166"," 27546-4",5,1,0,4," Centro",546,1500000
"2167"," 127698-4",3,3,0,2," Jardim Carvalho",350,1500000
"2170"," 132493-4",4,5,1,4," Boa Vista",380,1500000
"2174"," 147413-4",3,2,0,3," Centro",300,1500000
"2176"," 117983-4",3,3,1,2," Centro",545,1500000
"2177"," 99567-4",6,4,2,2," Estrela",500,1500000
"2178"," 106956-4",5,5,2,5," Estrela",523,1500000
"2183"," 146405-4",3,5,3,2," Jardim Carvalho",273,1490000
"2188"," 147754-4",4,5,2,2," Jardim Carvalho",320,1480000
"2189"," 142856-4",3,4,1,2," Estrela",470,1480000
"2191"," 143868-4",3,4,1,10," Centro",345,1450000
"2192"," 107379-4",3,4,1,2," Jardim Carvalho",320,1450000
"2195"," 154330-4",4,4,1,2," Oficinas",226,1400000
"2196"," 154332-4",4,6,3,2," Colônia Dona Luiza",310,1400000
"2197"," 128413-4",4,5,4,2," Jardim Carvalho",338,1400000
"2199"," 83301-4",3,3,1,4," Estrela",470,1400000
"2203"," 154236-4",4,4,1,2," Ronda",2500,1400000
"2209"," 134625-4",4,4,2,3," Orfãs",300,1350000
"2211"," 96822-4",3,5,3,3," Oficinas",330,1350000
"2212"," 95392-4",4,4,1,4," Jardim Carvalho",320,1330000
"2216"," 153601-4",3,3,1,4," Uvaranas",235,1300000
"2219"," 94276-4",5,3,1,2," Uvaranas",289,1300000
"2220"," 142515-4",3,4,3,2," Estrela",500,1300000
"2221"," 125773-4",3,3,1,2," Oficinas",320,1300000
"2225"," 129712-4",4,3,1,2," Jardim Carvalho",216,1300000
"2235"," 134231-4",3,3,1,2," Uvaranas",235,1300000
"2237"," 150935-4",3,4,3,2," Jardim Carvalho",256,1300000
"2242"," 130411-4",3,6,3,4," Colônia Dona Luiza",300,1290000
"2244"," 92537-4",3,4,3,2," Oficinas",330,1280000
"2245"," 127956-4",3,3,1,3," Jardim Carvalho",217,1280000
"2246"," 106992-4",3,5,3,4," Oficinas",300,1280000
"2249"," 128580-4",3,3,1,4," Estrela",500,1250000
"2251"," 28414-4",4,5,2,2," Jardim Carvalho",287,1250000
"2254"," 125888-4",3,4,3,2," Jardim Carvalho",308,1250000
"2256"," 129579-4",3,5,3,2," Oficinas",236,1250000
"2258"," 143524-4",6,4,1,4," Uvaranas",410,1250000
"2259"," 110761-4",4,4,2,2," Jardim Carvalho",600,1250000
"2263"," 146084-4",3,2,0,4," Nova Rússia",416,1200000
"2266"," 127322-4",4,5,4,3," Nova Rússia",280,1200000
"2268"," 102796-4",3,5,2,2," Estrela",315,1200000
"2272"," 128535-4",3,3,1,3," Estrela",260,1200000
"2273"," 107262-4",3,4,3,2," Oficinas",300,1200000
"2274"," 126168-4",4,4,2,2," Estrela",380,1200000
"2280"," 125377-4",3,6,3,2," Jardim Carvalho",295,1200000
"2281"," 145948-4",3,1,1,4," Estrela",200,1200000
"2283"," 32031-4",3,2,1,3," Estrela",561,1200000
"2289"," 109391-4",6,4,1,4," Estrela",319,1200000
"2291"," 120241-4",3,4,1,2," Estrela",533,1200000
"2292"," 148088-4",4,6,4,4," Oficinas",379,1200000
"2294"," 130676-4",4,2,1,2," Uvaranas",437,1200000
"2295"," 117697-4",4,2,1,5," Centro",200,1200000
"2296"," 90479-4",5,2,5,3," Oficinas",792,1200000
"2297"," 107655-4",5,6,5,3," Oficinas",416,1200000
"2300"," 111675-4",3,3,1,6," Centro",575,1200000
"2303"," 120349-4",4,2,1,2," Centro",460,1200000
"2305"," 143831-4",5,5,2,2," Neves",350,1190000
"2306"," 107168-4",3,6,3,4," Colônia Dona Luiza",334,1150000
"2308"," 20959-4",4,6,4,4," Nova Rússia",495,1150000
"2310"," 145537-4",4,1,1,4," Jardim Carvalho",333,1150000
"2312"," 129718-4",4,3,1,2," Estrela",340,1150000
"2313"," 147415-4",4,5,2,2," Colônia Dona Luiza",322,1150000
"2315"," 148383-4",4,5,2,2," Colônia Dona Luiza",311,1150000
"2317"," 148301-4",3,3,0,2," Estrela",350,1125000
"2318"," 109812-4",3,4,0,4," Estrela",600,1100000
"2320"," 127475-4",3,5,3,2," Oficinas",350,1100000
"2322"," 20929-4",4,3,2,3," Orfãs",468,1100000
"2323"," 77284-4",5,6,2,6," Chapada",600,1100000
"2325"," 129658-4",3,5,3,3," Oficinas",211,1100000
"2326"," 148431-4",3,3,1,5," Centro",288,1100000
"2330"," 151191-4",3,4,3,2," Jardim Carvalho",270,1100000
"2331"," 127183-4",4,5,2,3," Jardim Carvalho",270,1100000
"2332"," 127184-4",3,6,3,4," Oficinas",350,1100000
"2333"," 120221-4",4,5,1,3," Uvaranas",980,1100000
"2337"," 131812-4",3,2,1,4," Estrela",297,1100000
"2340"," 108536-4",3,3,1,2," Estrela",300,1100000
"2341"," 101654-4",3,3,1,2," Estrela",297,1100000
"2346"," 133394-4",5,2,0,2," Jardim Carvalho",260,1090000
"2347"," 145974-4",3,5,3,2," Jardim Carvalho",216,1090000
"2349"," 150826-4",3,5,3,2," Jardim Carvalho",230,1050000
"2352"," 142814-4",4,6,4,4," Chapada",774,1050000
"2355"," 154274-4",3,3,1,4," Jardim Carvalho",229,1050000
"2358"," 102655-4",3,5,3,2," Estrela",495,1050000
"2360"," 94131-4",3,3,1,2," Centro",426,1e+06
"2364"," 128540-4",4,4,3,4," Estrela",1600,1e+06
"2365"," 128543-4",3,2,1,3," Nova Rússia",365,1e+06
"2367"," 120467-4",3,2,1,4," Jardim Carvalho",595,1e+06
"2369"," 130012-4",3,5,3,4," Colônia Dona Luiza",334,1e+06
"2370"," 127200-4",4,6,4,4," Estrela",313,1e+06
"2372"," 19010-4",5,5,3,5," Centro",370,1e+06
"2378"," 20971-4",3,3,1,4," Uvaranas",410,990000
"2381"," 85878-4",4,4,2,4," Uvaranas",430,990000
"2383"," 128800-4",5,5,3,2," Estrela",462,990000
"2384"," 146940-4",4,4,2,4," Estrela",280,990000
"2385"," 143808-4",4,5,2,3," Oficinas",532,990000
"2386"," 148385-4",3,4,3,2," Colônia Dona Luiza",237,990000
"2388"," 131247-4",3,3,1,2," Jardim Carvalho",236,980000
"2389"," 149025-4",3,4,3,2," Oficinas",207,980000
"2390"," 151274-4",3,1,3,6," Uvaranas",287,980000
"2392"," 127736-4",3,4,1,3," Jardim Carvalho",300,980000
"2398"," 147897-4",4,4,2,2," Jardim Carvalho",300,980000
"2401"," 146250-4",4,4,1,2," Oficinas",300,960000
"2404"," 147993-4",4,3,1,4," Jardim Carvalho",300,950000
"2407"," 128552-4",4,3,2,8," Jardim Carvalho",600,950000
"2409"," 83078-4",4,2,1,2," Estrela",554,950000
"2410"," 83427-4",4,3,1,3," Nova Rússia",360,950000
"2411"," 128638-4",3,2,1,1," Ronda",709,950000
"2413"," 132706-4",3,3,1,3," Estrela",194,950000
"2414"," 52258-4",4,4,1,5," Orfãs",840,950000
"2416"," 106131-4",3,4,1,4," Jardim Carvalho",270,950000
"2420"," 154227-4",3,1,3,2," Estrela",300,950000
"2422"," 126347-4",1,3,0,1," Estrela",216,950000
"2423"," 104455-4",3,2,1,2," Jardim Carvalho",495,950000
"2424"," 143360-4",3,3,1,2," Estrela",322,950000
"2425"," 126122-4",3,4,3,2," Cará-cará",345,950000
"2426"," 150766-4",3,3,2,2," Jardim Carvalho",233,950000
"2427"," 147695-4",4,4,1,3," Jardim Carvalho",630,950000
"2428"," 146524-4",3,4,0,4," Colônia Dona Luiza",280,950000
"2431"," 142898-4",3,1,1,2," Estrela",255,950000
"2433"," 148384-4",3,4,3,2," Colônia Dona Luiza",247,950000
"2435"," 132346-4",3,2,1,4," Orfãs",495,950000
"2436"," 135049-4",4,3,1,2," Estrela",200,930000
"2437"," 147986-4",4,2,2,2," Neves",300,930000
"2439"," 110760-4",3,4,2,3," Jardim Carvalho",462,930000
"2443"," 144029-4",3,3,1,2," Jardim Carvalho",200,920000
"2445"," 146517-4",3,3,1,2," Orfãs",233,9e+05
"2446"," 142939-4",5,5,2,4," Nova Rússia",450,9e+05
"2449"," 120421-4",3,3,1,3," Uvaranas",300,9e+05
"2450"," 126654-4",3,1,0,3," Nova Rússia",250,9e+05
"2452"," 134151-4",6,4,1,6," Nova Rússia",295,9e+05
"2456"," 125917-4",4,3,1,2," Oficinas",320,9e+05
"2457"," 126913-4",3,1,0,1," Orfãs",497,9e+05
"2458"," 101080-4",3,5,3,2," Estrela",215,9e+05
"2459"," 101293-4",4,3,1,3," Jardim Carvalho",350,9e+05
"2462"," 143347-4",3,5,3,2," Estrela",300,9e+05
"2463"," 104490-4",4,3,1,3," Jardim Carvalho",350,9e+05
"2464"," 106334-4",3,3,1,2," Jardim Carvalho",378,9e+05
"2467"," 143617-4",3,3,1,2," Olarias",201,9e+05
"2469"," 147017-4",3,5,1,2," Uvaranas",264,9e+05
"2470"," 127338-4",3,3,1,3," Centro",116,890000
"2472"," 99717-4",4,6,4,3," Jardim Carvalho",450,890000
"2475"," 103115-4",3,3,1,2," Oficinas",248,890000
"2476"," 134391-4",4,3,2,7," Estrela",300,890000
"2483"," 110772-4",3,4,1,2," Oficinas",300,890000
"2485"," 103126-4",5,4,1,2," Jardim Carvalho",408,870000
"2486"," 145767-4",4,3,0,1," Estrela",437,870000
"2488"," 146260-4",3,3,1,1," Estrela",435,870000
"2489"," 128022-4",5,5,2,2," Jardim Carvalho",297,870000
"2492"," 129864-4",4,4,3,5," Jardim Carvalho",313,850000
"2493"," 127501-4",5,4,1,2," Estrela",350,850000
"2498"," 20951-4",4,2,2,4," Orfãs",720,850000
"2499"," 95391-4",3,3,1,2," Jardim Carvalho",220,850000
"2500"," 147300-4",5,5,1,3," Oficinas",532,850000
"2501"," 81210-4",5,4,2,4," Ronda",341,850000
"2503"," 128583-4",3,3,1,2," Estrela",445,850000
"2505"," 132204-4",3,2,1,4," Neves",213,850000
"2508"," 103114-4",3,3,1,3," Uvaranas",276,850000
"2509"," 154524-4",3,1,1,6," Oficinas",290,850000
"2510"," 103118-4",3,3,1,2," Estrela",445,850000
"2521"," 110769-4",4,4,1,4," Centro",364,850000
"2525"," 107012-4",3,2,1,2," Uvaranas",240,850000
"2526"," 129915-4",4,6,4,2," Jardim Carvalho",350,848000
"2527"," 144026-4",4,2,4,2," Jardim Carvalho",350,848000
"2530"," 132396-4",3,1,1,2," Jardim Carvalho",230,840000
"2531"," 131502-4",3,3,1,2," Jardim Carvalho",226,840000
"2533"," 132550-4",3,3,1,2," Jardim Carvalho",226,840000
"2535"," 126584-4",3,3,1,2," Jardim Carvalho",226,840000
"2536"," 94391-4",5,4,2,3," Jardim Carvalho",495,830000
"2538"," 129396-4",6,4,2,5," Neves",255,820000
"2539"," 155018-4",4,3,2,3," Uvaranas",227,8e+05
"2540"," 128347-4",3,2,1,2," Colônia Dona Luiza",2250,8e+05
"2541"," 150824-4",4,3,0,4," Uvaranas",200,8e+05
"2544"," 150626-4",3,3,0,2," Centro",190,8e+05
"2545"," 22812-4",4,1,2,2," Oficinas",382,8e+05
"2546"," 23268-4",5,3,1,4," Estrela",363,8e+05
"2550"," 131540-4",4,4,2,3," Jardim Carvalho",630,8e+05
"2556"," 145757-4",3,3,1,2," Estrela",240,8e+05
"2559"," 118657-4",4,3,1,3," Oficinas",320,8e+05
"2560"," 147421-4",4,5,3,2," Boa Vista",317,8e+05
"2562"," 118512-4",5,5,2,2," Centro",250,8e+05
"2564"," 127426-4",3,2,1,2," Oficinas",2193,8e+05
"2565"," 151681-4",4,3,2,2," Uvaranas",250,8e+05
"2566"," 127543-4",2,1,1,5," Uvaranas",100,790000
"2567"," 132868-4",3,3,1,2," Jardim Carvalho",165,790000
"2568"," 154368-4",3,2,1,2," Orfãs",180,790000
"2570"," 151157-4",4,2,1,7," Nova Rússia",220,790000
"2572"," 145766-4",3,4,1,2," Nova Rússia",600,790000
"2573"," 101035-4",4,3,1,3," Uvaranas",300,790000
"2575"," 146029-4",3,2,1,2," Neves",187,790000
"2576"," 106970-4",4,4,1,2," Estrela",240,790000
"2579"," 151119-4",4,3,1,3," Jardim Carvalho",240,780000
"2580"," 65283-4",4,3,1,4," Estrela",640,780000
"2584"," 143043-4",3,3,1,2," Uvaranas",210,780000
"2585"," 154656-4",3,4,1,4," Uvaranas",472,780000
"2589"," 107835-4",2,3,1,5," Uvaranas",170,780000
"2590"," 142670-4",4,3,1,3," Uvaranas",247,780000
"2593"," 131900-4",3,3,2,2," Jardim Carvalho",232,750000
"2595"," 86639-4",3,3,1,2," Jardim Carvalho",190,750000
"2596"," 134109-4",4,4,1,1," Uvaranas",210,750000
"2597"," 131509-4",3,3,1,2," Oficinas",330,750000
"2598"," 111517-4",3,3,1,2," Estrela",552,750000
"2599"," 129947-4",3,3,0,4," Jardim Carvalho",272,750000
"2602"," 150538-4",3,3,1,4," Uvaranas",165,750000
"2604"," 50511-4",3,1,2,2," Contorno / Sta. Paula",131,750000
"2605"," 148085-4",3,3,1,4," Jardim Carvalho",495,750000
"2606"," 143060-4",3,3,1,1," Nova Rússia",230,750000
"2607"," 148090-4",4,4,1,2," Uvaranas",306,750000
"2608"," 151258-4",4,3,1,3," Orfãs",214,750000
"2609"," 142762-4",3,3,1,1," Centro",170,750000
"2611"," 132517-4",2,1,2,1," Jardim Carvalho",495,750000
"2614"," 91305-4",3,3,1,2," Estrela",220,750000
"2616"," 92024-4",4,3,1,2," Boa Vista",371,750000
"2618"," 144756-4",4,4,1,4," Boa Vista",293,750000
"2619"," 107975-4",3,2,1,2," Boa Vista",240,740000
"2623"," 125524-4",4,3,1,2," Uvaranas",490,735000
"2624"," 149040-4",4,1,1,3," Jardim Carvalho",260,730000
"2629"," 117899-4",3,3,1,2," Estrela",290,720000
"2632"," 143384-4",3,3,1,2," Jardim Carvalho",156,720000
"2633"," 130975-4",3,2,0,2," Estrela",237,719000
"2634"," 154240-4",3,2,1,2," Estrela",237,719000
"2635"," 154916-4",3,1,0,3," Centro",250,710000
"2637"," 143402-4",3,5,1,1," Centro",188,7e+05
"2638"," 102691-4",4,3,1,3," Jardim Carvalho",588,7e+05
"2640"," 147756-4",3,5,1,4," Nova Rússia",318,7e+05
"2642"," 131239-4",4,3,1,2," Uvaranas",228,7e+05
"2643"," 79195-4",5,6,3,4," Jardim Carvalho",260,7e+05
"2644"," 132650-4",3,4,1,3," Uvaranas",352,7e+05
"2647"," 143467-4",3,5,1,1," Centro",188,7e+05
"2648"," 131504-4",4,3,1,4," Jardim Carvalho",438,7e+05
"2649"," 128613-4",3,2,0,2," Nova Rússia",518,7e+05
"2650"," 129715-4",4,3,1,2," Jardim Carvalho",188,7e+05
"2651"," 49072-4",4,5,1,4," Centro",318,7e+05
"2652"," 126502-4",4,5,3,2," Jardim Carvalho",188,7e+05
"2654"," 67461-4",3,3,1,2," Nova Rússia",220,7e+05
"2655"," 144502-4",3,2,0,2," Orfãs",450,7e+05
"2659"," 131651-4",4,3,1,2," Estrela",220,7e+05
"2660"," 145432-4",3,3,1,3," Jardim Carvalho",115,450000
"2661"," 106385-4",3,2,1,2," Nova Rússia",118,420000
"2662"," 120008-4",3,3,1,2," Boa Vista",130,350000
"2663"," 119871-4",2,1,1,1," Jardim Carvalho",109,340000
"2664"," 84747-4",3,3,1,2," Uvaranas",92,290000
"2665"," 143612-4",3,2,1,2," Uvaranas",90,270000
"2668"," 126667-4",3,4,1,2," Jardim Carvalho",400,1740000
"2670"," 150566-4",3,3,1,2," Orfãs",212,8e+05
"2671"," 147876-4",3,3,1,2," Jardim Carvalho",356,750000
"2672"," 146941-4",3,3,1,2," Estrela",170,695000
"2673"," 146341-4",3,3,1,2," Jardim Carvalho",150,690000
"2674"," 132874-4",3,4,3,2," Uvaranas",300,690000
"2675"," 146834-4",3,3,1,4," Jardim Carvalho",150,690000
"2681"," 18600-4",3,3,1,2," Neves",150,680000
"2682"," 111785-4",3,5,2,2," Estrela",180,680000
"2683"," 93080-4",3,2,1,2," Oficinas",153,680000
"2684"," 147215-4",3,3,2,2," Nova Rússia",308,680000
"2686"," 146100-4",3,4,1,4," Olarias",260,650000
"2689"," 127907-4",4,2,1,1," Orfãs",145,650000
"2691"," 145986-4",3,4,1,4," Jardim Carvalho",298,650000
"2692"," 111601-4",3,2,1,3," Oficinas",224,650000
"2694"," 103960-4",3,4,3,2," Jardim Carvalho",220,640000
"2695"," 150840-4",3,3,1,2," Cará-cará",163,635000
"2696"," 143197-4",3,4,1,3," Jardim Carvalho",186,630000
"2697"," 150546-4",4,4,1,2," Jardim Carvalho",170,630000
"2700"," 147858-4",3,2,1,2," Cará-cará",177,620000
"2703"," 143560-4",3,3,1,2," Centro",180,620000
"2704"," 146977-4",3,3,1,2," Cará-cará",200,620000
"2705"," 151176-4",3,4,1,3," Jardim Carvalho",175,610000
"2707"," 133640-4",3,3,1,2," Jardim Carvalho",170,6e+05
"2709"," 150839-4",3,3,1,2," Cará-cará",153,6e+05
"2712"," 130868-4",4,3,1,3," Jardim Carvalho",280,6e+05
"2714"," 130103-4",3,2,1,2," Jardim Carvalho",159,6e+05
"2715"," 110788-4",3,1,1,4," Estrela",350,6e+05
"2718"," 131899-4",3,2,1,2," Cará-cará",150,599000
"2719"," 131811-4",3,1,1,2," Cará-cará",145,595000
"2720"," 101297-4",4,3,1,2," Uvaranas",200,590000
"2721"," 145609-4",3,2,1,4," Centro",190,590000
"2722"," 132508-4",3,1,1,2," Jardim Carvalho",300,585000
"2723"," 126894-4",3,1,1,2," Uvaranas",235,580000
"2724"," 132967-4",3,2,1,3," Jardim Carvalho",175,580000
"2726"," 111902-4",3,3,1,3," Oficinas",210,575000
"2727"," 131551-4",4,3,1,3," Oficinas",182,570000
"2731"," 148394-4",3,2,1,2," Cará-cará",153,550000
"2734"," 131561-4",3,2,1,2," Orfãs",162,550000
"2740"," 118668-4",3,2,1,2," Uvaranas",490,540000
"2742"," 143373-4",3,1,1,2," Orfãs",180,540000
"2743"," 151273-4",3,2,1,2," Uvaranas",183,535000
"2744"," 145806-4",3,3,1,2," Uvaranas",180,535000
"2747"," 147498-4",3,3,1,2," Uvaranas",160,520000
"2748"," 21004-4",3,3,1,4," Cará-cará",595,520000
"2750"," 111306-4",3,2,1,2," Neves",183,520000
"2752"," 151104-4",3,2,1,3," Jardim Carvalho",220,515000
"2754"," 130600-4",3,3,1,4," Jardim Carvalho",220,510000
"2756"," 145170-4",3,3,1,2," Jardim Carvalho",462,510000
"2758"," 151120-4",3,3,1,2," Nova Rússia",160,5e+05
"2759"," 151073-4",3,2,1,4," Contorno / Sta. Paula",320,5e+05
"2761"," 98169-4",3,3,1,3," Estrela",178,5e+05
"2762"," 98295-4",3,3,1,2," Estrela",111,5e+05
"2764"," 134150-4",3,3,1,2," Colônia Dona Luiza",180,5e+05
"2765"," 150377-4",3,2,1,2," Contorno / Sta. Paula",200,5e+05
"2766"," 104183-4",3,3,1,3," Nova Rússia",317,5e+05
"2767"," 132418-4",3,4,1,2," Orfãs",226,499900
"2769"," 146562-4",4,4,1,2," Jardim Carvalho",155,499000
"2772"," 131566-4",3,3,1,2," Neves",155,495000
"2775"," 104078-4",3,1,1,2," Olarias",161,490000
"2778"," 126875-4",3,2,1,1," Ronda",136,480000
"2779"," 25077-4",3,3,1,2," Uvaranas",160,480000
"2782"," 151124-4",3,3,1,2," Jardim Carvalho",150,470000
"2783"," 151122-4",3,3,1,3," Estrela",140,460000
"2785"," 143552-4",3,2,1,2," Cará-cará",200,460000
"2787"," 154702-4",3,2,1,1," Oficinas",115,460000
"2789"," 146737-4",3,3,1,2," Oficinas",138,460000
"2792"," 32034-4",3,2,1,5," Orfãs",297,450000
"2793"," 134806-4",4,4,1,2," Uvaranas",150,450000
"2794"," 132847-4",3,2,1,2," Jardim Carvalho",165,450000
"2799"," 151676-4",3,3,1,2," Nova Rússia",110,450000
"2800"," 150332-4",3,2,1,2," Oficinas",121,450000
"2801"," 147857-4",4,3,1,2," Estrela",172,450000
"2802"," 143094-4",3,3,1,2," Estrela",106,450000
"2805"," 86223-4",3,3,1,2," Uvaranas",170,450000
"2806"," 154969-4",3,3,1,1," Nova Rússia",100,445000
"2807"," 151151-4",3,3,1,2," Nova Rússia",118,440000
"2809"," 148289-4",3,3,1,1," Uvaranas",220,440000
"2810"," 135386-4",3,1,1,2," Estrela",125,440000
"2811"," 129350-4",3,2,1,2," Estrela",160,440000
"2815"," 142758-4",3,2,1,2," Jardim Carvalho",94,430000
"2816"," 154703-4",3,2,1,1," Oficinas",100,430000
"2817"," 131869-4",3,4,1,2," Jardim Carvalho",137,430000
"2821"," 65199-4",3,3,1,3," Jardim Carvalho",140,425000
"2825"," 118600-4",3,4,1,2," Jardim Carvalho",140,425000
"2833"," 142583-4",3,3,1,3," Estrela",160,420000
"2837"," 154369-4",3,2,1,2," Nova Rússia",110,418000
"2839"," 154813-4",3,2,1,3," Ronda",120,415000
"2840"," 133436-4",3,3,1,1," Jardim Carvalho",210,415000
"2841"," 154660-4",3,3,1,2," Ronda",260,415000
"2844"," 101076-4",3,3,1,2," Ronda",148,410000
"2848"," 135383-4",3,1,1,2," Estrela",118,403000
"2852"," 20988-4",5,3,0,3," Uvaranas",462,4e+05
"2854"," 151152-4",3,3,1,2," Nova Rússia",118,4e+05
"2856"," 151170-4",3,3,1,3," Orfãs",93,4e+05
"2859"," 85765-4",3,2,1,2," Ronda",230,4e+05
"2860"," 135127-4",3,3,1,3," Orfãs",142,4e+05
"2861"," 129511-4",3,3,1,2," Oficinas",114,4e+05
"2864"," 151675-4",3,3,1,2," Nova Rússia",100,4e+05
"2874"," 110555-4",3,3,1,2," Uvaranas",196,4e+05
"2876"," 81971-4",3,2,1,2," Orfãs",163,4e+05
"2878"," 151156-4",4,4,2,2," Estrela",150,390000
"2879"," 146421-4",3,3,1,2," Estrela",204,390000
"2880"," 128319-4",3,2,1,4," Estrela",148,390000
"2885"," 147945-4",3,3,1,2," Neves",162,385000
"2886"," 147959-4",3,3,1,2," Uvaranas",162,380000
"2889"," 65041-4",3,2,1,1," Nova Rússia",104,380000
"2891"," 154968-4",3,3,1,2," Oficinas",135,380000
"2892"," 143151-4",3,1,1,2," Jardim Carvalho",133,380000
"2895"," 126327-4",3,2,1,2," Uvaranas",105,375000
"2896"," 151187-4",3,2,0,3," Orfãs",80,370000
"2897"," 132312-4",3,2,1,2," Uvaranas",384,370000
"2899"," 154740-4",3,1,1,4," Orfãs",130,370000
"2903"," 131568-4",3,3,1,2," Oficinas",114,361000
"2904"," 134305-4",3,3,1,4," Jardim Carvalho",138,360000
"2911"," 143613-4",3,2,0,1," Olarias",104,360000
"2914"," 98576-4",2,2,0,3," Oficinas",142,350000
"2917"," 108548-4",3,1,1,3," Uvaranas",288,350000
"2918"," 102236-4",2,3,2,2," Uvaranas",170,350000
"2919"," 146607-4",3,1,1,2," Orfãs",101,350000
"2920"," 132005-4",3,1,1,2," Jardim Carvalho",128,350000
"2921"," 134459-4",2,1,1,1," Jardim Carvalho",109,350000
"2924"," 134464-4",2,1,2,1," Uvaranas",140,350000
"2927"," 145388-4",2,2,1,1," Jardim Carvalho",91,350000
"2929"," 118612-4",3,3,1,2," Boa Vista",150,350000
"2930"," 131232-4",3,2,1,2," Uvaranas",112,345000
"2932"," 131570-4",3,3,1,1," Uvaranas",102,345000
"2933"," 110560-4",2,1,0,2," Uvaranas",102,345000
"2934"," 143636-4",3,3,1,2," Uvaranas",100,340000
"2935"," 143626-4",3,2,1,2," Estrela",148,340000
"2937"," 143909-4",3,2,1,2," Estrela",148,340000
"2938"," 143910-4",3,2,1,2," Estrela",148,340000
"2939"," 143911-4",3,2,1,2," Estrela",148,340000
"2940"," 143912-4",3,2,1,2," Estrela",148,340000
"2942"," 133563-4",3,1,1,1," Uvaranas",110,330000
"2944"," 126633-4",3,2,1,2," Uvaranas",200,330000
"2945"," 102063-4",3,2,1,2," Uvaranas",110,330000
"2946"," 131559-4",3,3,1,2," Jardim Carvalho",106,330000
"2947"," 144301-4",3,1,1,2," Boa Vista",88,330000
"2949"," 134889-4",3,1,0,1," Nova Rússia",153,320000
"2950"," 130789-4",3,2,1,1," Uvaranas",140,320000
"2952"," 143042-4",3,3,1,2," Colônia Dona Luiza",106,320000
"2953"," 131569-4",4,3,1,2," Uvaranas",224,320000
"2954"," 132295-4",3,3,1,2," Jardim Carvalho",137,320000
"2956"," 76605-4",4,3,1,3," Contorno / Sta. Paula",224,320000
"2958"," 90992-4",3,2,1,1," Jardim Carvalho",106,315000
"2961"," 155009-4",3,1,1,2," Oficinas",91,310000
"2963"," 104248-4",3,2,1,1," Jardim Carvalho",105,310000
"2966"," 146748-4",3,1,0,1," Oficinas",100,310000
"2969"," 146551-4",3,2,1,1," Jardim Carvalho",125,3e+05
"2971"," 150602-4",3,2,0,3," Contorno / Sta. Paula",112,3e+05
"2972"," 87621-4",3,2,0,2," Estrela",100,3e+05
"2976"," 105085-4",3,3,1,1," Uvaranas",107,3e+05
"2977"," 105775-4",3,3,1,1," Uvaranas",123,3e+05
"2980"," 107918-4",3,4,1,1," Uvaranas",150,299000
"2983"," 146888-4",3,1,0,1," Estrela",80,295000
"2989"," 132004-4",3,1,1,2," Jardim Carvalho",89,290000
"2995"," 145706-4",3,2,1,2," Jardim Carvalho",98,285000
"2996"," 143941-4",3,2,1,2," Colônia Dona Luiza",95,285000
"2997"," 51666-4",3,1,0,2," Chapada",462,280000
"2998"," 148018-4",3,2,1,2," Contorno / Sta. Paula",130,280000
"2999"," 146650-4",3,1,1,2," Uvaranas",97,280000
"3000"," 130589-4",3,2,1,1," Estrela",90,280000
"3002"," 145570-4",3,2,0,2," Orfãs",130,280000
"3003"," 148368-4",3,3,1,2," Uvaranas",100,280000
"3008"," 146146-4",3,3,1,2," Jardim Carvalho",103,270000
"3010"," 149088-4",3,2,1,1," Uvaranas",87,270000
"3013"," 146020-4",3,2,0,2," Jardim Carvalho",102,270000
"3014"," 151044-4",3,2,1,2," Contorno / Sta. Paula",100,265000
"3015"," 131567-4",3,4,3,2," Uvaranas",122,265000
"3016"," 107828-4",3,2,1,3," Contorno / Sta. Paula",130,265000
"3017"," 143832-4",3,2,1,2," Uvaranas",120,265000
"3018"," 151043-4",3,2,1,1," Jardim Carvalho",110,260000
"3026"," 107603-4",3,1,1,2," Contorno / Sta. Paula",100,260000
"3028"," 145801-4",3,2,0,2," Estrela",152,260000
"3029"," 99719-4",3,3,1,4," Oficinas",100,260000
"3031"," 102112-4",3,2,1,4," Oficinas",83,257000
"3032"," 100692-4",3,2,1,3," Contorno / Sta. Paula",130,255000
"3034"," 150526-4",2,2,0,1," Jardim Carvalho",73,255000
"3038"," 19602-4",2,1,0,1," Uvaranas",100,250000
"3039"," 132649-4",3,2,1,1," Boa Vista",200,250000
"3040"," 144612-4",2,2,0,2," Neves",80,250000
"3041"," 85885-4",3,2,1,2," Estrela",142,250000
"3042"," 102437-4",3,3,1,1," Uvaranas",92,250000
"3043"," 144410-4",1,2,0,1," Estrela",70,250000
"3050"," 154779-4",3,1,1,2," Cará-cará",304,250000
"3051"," 151610-4",2,1,1,1," Cará-cará",84,249000
"3052"," 118653-4",2,2,0,1," Nova Rússia",84,248000
"3055"," 109874-4",2,2,0,1," Nova Rússia",83,248000
"3057"," 151040-4",3,3,1,1," Jardim Carvalho",93,245000
"3058"," 145683-4",3,2,1,2," Uvaranas",110,245000
"3059"," 80295-4",3,3,1,1," Jardim Carvalho",93,245000
"3062"," 127070-4",3,1,1,1," Jardim Carvalho",93,245000
"3063"," 153590-4",3,1,0,2," Jardim Carvalho",64,240000
"3065"," 132145-4",3,2,1,1," Jardim Carvalho",76,240000
"3067"," 126929-4",3,2,0,2," Uvaranas",76,239000
"3068"," 134382-4",3,2,0,1," Uvaranas",100,235000
"3071"," 129636-4",3,2,0,1," Jardim Carvalho",80,230000
"3075"," 134160-4",3,2,1,1," Jardim Carvalho",76,230000
"3076"," 110605-4",2,2,0,1," Orfãs",84,230000
"3079"," 154661-4",2,2,1,2," Estrela",152,229000
"3081"," 150599-4",3,2,0,2," Uvaranas",75,225000
"3084"," 106469-4",3,2,1,1," Centro",100,225000
"3086"," 145405-4",3,1,0,2," Uvaranas",75,225000
"3087"," 131460-4",3,1,1,1," Oficinas",59,220000
"3088"," 154539-4",3,2,0,3," Chapada",108,220000
"3090"," 133612-4",3,2,0,2," Contorno / Sta. Paula",100,220000
"3093"," 118552-4",2,2,0,1," Uvaranas",77,220000
"3094"," 151032-4",3,1,0,1," Contorno / Sta. Paula",100,220000
"3095"," 132562-4",3,2,1,2," Uvaranas",150,218000
"3100"," 146749-4",2,2,0,1," Estrela",63,215000
"3101"," 98584-4",2,1,0,1," Uvaranas",74,215000
"3102"," 145404-4",2,1,0,1," Estrela",62,215000
"3103"," 27579-4",2,2,0,2," Nova Rússia",191,212000
"3106"," 150716-4",2,2,0,2," Contorno / Sta. Paula",95,210000
"3107"," 151188-4",3,2,0,1," Jardim Carvalho",72,200200
"3110"," 23266-4",2,2,0,2," Oficinas",80,2e+05
"3111"," 154536-4",2,2,0,2," Boa Vista",108,2e+05
"3112"," 154537-4",3,1,0,1," Boa Vista",80,2e+05
"3113"," 101681-4",3,1,1,2," Nova Rússia",80,2e+05
"3115"," 102237-4",3,1,0,1," Jardim Carvalho",79,2e+05
"3116"," 104287-4",2,1,0,2," Uvaranas",69,2e+05
"3120"," 146062-4",3,1,0,1," Uvaranas",100,2e+05
"3121"," 99887-4",2,2,0,2," Chapada",88,2e+05
"3122"," 146317-4",3,2,1,2," Uvaranas",100,2e+05
"3125"," 129706-4",2,1,0,2," Uvaranas",65,195000
"3126"," 111534-4",2,2,1,4," Cará-cará",175,195000
"3131"," 143183-4",1,1,0,2," Contorno / Sta. Paula",200,190000
"3132"," 135064-4",2,2,0,2," Orfãs",67,190000
"3133"," 111500-4",3,2,0,2," Cará-cará",103,190000
"3138"," 97331-4",2,1,0,1," Nova Rússia",73,190000
"3139"," 128485-4",2,3,1,1," Uvaranas",82,190000
"3140"," 143837-4",3,1,1,1," Oficinas",65,190000
"3141"," 133051-4",2,1,0,1," Centro",67,190000
"3142"," 150434-4",2,2,0,1," Orfãs",68,189000
"3147"," 131550-4",2,2,0,1," Oficinas",70,185000
"3157"," 144977-4",2,2,1,2," Orfãs",68,185000
"3158"," 145402-4",2,1,0,1," Uvaranas",60,185000
"3159"," 145403-4",2,1,0,1," Uvaranas",66,185000
"3161"," 154756-4",3,1,0,1," Colônia Dona Luiza",64,180000
"3164"," 127903-4",2,2,0,2," Neves",53,180000
"3170"," 110945-4",3,1,0,1," Jardim Carvalho",70,180000
"3172"," 151023-4",3,1,0,2," Cará-cará",70,180000
"3173"," 128019-4",2,2,0,2," Uvaranas",70,175000
"3174"," 145608-4",3,1,0,1," Estrela",55,175000
"3176"," 151179-4",2,2,0,2," Cará-cará",64,170000
"3177"," 148285-4",2,1,0,1," Nova Rússia",117,170000
"3178"," 132026-4",3,1,0,1," Cará-cará",60,170000
"3181"," 84847-4",3,2,0,1," Ronda",75,170000
"3183"," 134533-4",2,3,1,1," Uvaranas",150,170000
"3184"," 130864-4",3,2,0,1," Ronda",80,169000
"3188"," 154534-4",2,1,0,1," Neves",53,165000
"3190"," 111535-4",2,2,1,2," Cará-cará",112,165000
"3194"," 150376-4",3,1,0,1," Contorno / Sta. Paula",200,165000
"3195"," 151016-4",2,1,0,1," Jardim Carvalho",57,163000
"3196"," 100689-4",3,1,0,1," Orfãs",64,162000
"3201"," 120203-4",2,2,0,2," Jardim Carvalho",68,160000
"3202"," 149070-4",2,1,0,2," Boa Vista",82,160000
"3203"," 127204-4",2,1,0,2," Uvaranas",62,160000
"3204"," 111622-4",3,1,0,1," Uvaranas",88,160000
"3206"," 155004-4",2,1,0,1," Oficinas",46,155000
"3207"," 155005-4",2,1,0,1," Oficinas",54,155000
"3209"," 144778-4",2,2,0,1," Uvaranas",55,150000
"3211"," 143444-4",2,2,0,1," Boa Vista",72,150000
"3212"," 97756-4",3,2,0,2," Boa Vista",80,150000
"3213"," 111260-4",2,1,0,1," Boa Vista",60,150000
"3216"," 18366-4",3,1,0,1," Boa Vista",70,150000
"3217"," 119840-4",2,1,0,1," Colônia Dona Luiza",62,150000
"3219"," 151011-4",2,1,0,1," Uvaranas",82,150000
"3220"," 146054-4",2,3,0,3," Uvaranas",182,150000
"3221"," 120106-4",2,1,0,1," Neves",55,150000
"3222"," 128198-4",2,1,0,1," Olarias",46,149000
"3225"," 128487-4",2,1,0,1," Cará-cará",65,145000
"3227"," 154967-4",2,1,0,2," Oficinas",42,145000
"3230"," 132027-4",2,1,0,1," Cará-cará",50,142000
"3231"," 154533-4",2,1,0,1," Orfãs",40,140000
"3232"," 91974-4",3,2,1,3," Uvaranas",286,140000
"3233"," 147847-4",3,1,0,3," Oficinas",58,140000
"3234"," 109873-4",2,1,0,1," Uvaranas",60,140000
"3235"," 126152-4",2,1,0,1," Uvaranas",53,140000
"3236"," 132025-4",2,1,0,1," Cará-cará",50,137000
"3237"," 151262-4",3,1,0,1," Cará-cará",60,133000
"3238"," 132801-4",3,2,1,1," Jardim Carvalho",42,130000
"3239"," 144828-4",2,1,0,1," Uvaranas",53,130000
"3240"," 132728-4",2,1,0,1," Uvaranas",54,130000
"3242"," 41633-4",2,1,0,1," Uvaranas",60,130000
"3243"," 130792-4",2,2,0,1," Uvaranas",59,129000
"3244"," 149075-4",2,1,0,4," Oficinas",60,128000
"3246"," 144827-4",2,1,0,1," Uvaranas",55,125000
"3247"," 147105-4",2,1,0,1," Boa Vista",60,125000
"3248"," 151259-4",2,2,0,1," Olarias",60,125000
"3249"," 151212-4",2,1,0,1," Uvaranas",54,120000
"3250"," 84890-4",2,1,0,2," Boa Vista",50,120000
"3252"," 18238-4",2,1,0,1," Uvaranas",48,115000
"3253"," 131495-4",3,1,0,1," Neves",275,115000
"3254"," 130581-4",2,1,0,1," Uvaranas",50,114950
"3256"," 145982-4",2,1,0,1," Boa Vista",40,110000
"3257"," 126791-4",2,1,0,1," Uvaranas",40,110000
"3259"," 94272-4",2,1,0,2," Cará-cará",82,102900
"3261"," 146514-4",2,1,0,1," Orfãs",63,1e+05
"3263"," 101332-4",2,1,0,1," Ronda",46,1e+05
"3264"," 145579-4",2,1,0,1," Estrela",50,1e+05
"3266"," 125581-4",2,1,0,1," Olarias",52,95000
"3268"," 103959-4",2,1,0,1," Ronda",46,90000
"3269"," 129866-4",2,1,0,1," Cará-cará",50,80000
"3270"," 130518-4",2,1,0,1," Jardim Carvalho",50,75000
"3276"," 130651-4",4,7,4,6," Orfãs",793,5e+06
"3277"," 117793-4",4,7,4,6," Orfãs",1012,5e+06
"3279"," 154778-4",4,4,2,4," Estrela",780,4500000
"3280"," 132294-4",3,6,3,6," Estrela",760,4e+06
"3281"," 143097-4",3,1,3,6," Estrela",760,4e+06
"3282"," 85109-4",4,5,4,6," Orfãs",550,3990000
"3283"," 147397-4",4,7,4,4," Estrela",850,3950000
"3284"," 23186-4",4,1,4,4," Orfãs",823,3900000
"3285"," 119798-4",4,7,4,5," Estrela",690,3500000
"3287"," 142534-4",4,7,4,4," Colônia Dona Luiza",750,3200000
"3288"," 37614-4",4,6,4,4," Colônia Dona Luiza",590,3200000
"3290"," 133753-4",4,1,3,2," Orfãs",336,2900000
"3291"," 131456-4",4,6,4,6," Orfãs",820,2800000
"3293"," 52833-4",3,6,3,4," Estrela",779,2800000
"3294"," 143372-4",4,5,4,2," Estrela",725,2800000
"3295"," 85479-4",4,5,4,5," Oficinas",744,2500000
"3296"," 119912-4",4,5,2,2," Orfãs",520,2500000
"3297"," 132852-4",4,4,3,4," Estrela",411,2500000
"3298"," 151219-4",4,5,2,2," Orfãs",376,2500000
"3299"," 133691-4",4,2,2,2," Orfãs",378,2500000
"3300"," 65871-4",4,1,2,2," Orfãs",534,2500000
"3303"," 131454-4",5,6,4,4," Estrela",402,2300000
"3304"," 93066-4",4,4,4,4," Estrela",436,2300000
"3305"," 132021-4",4,4,4,4," Estrela",547,2300000
"3306"," 127075-4",3,4,3,2," Estrela",318,2300000
"3308"," 130648-4",5,6,4,4," Estrela",386,2300000
"3309"," 154777-4",4,4,2,4," Orfãs",810,2290000
"3314"," 151221-4",4,6,4,3," Orfãs",380,2150000
"3316"," 91972-4",3,4,3,2," Estrela",403,2100000
"3317"," 130647-4",3,5,3,2," Estrela",360,2100000
"3318"," 131453-4",3,5,3,2," Estrela",529,2e+06
"3319"," 151099-4",8,4,0,6," Contorno / Sta. Paula",383,2e+06
"3322"," 118234-4",4,6,4,2," Colônia Dona Luiza",370,1990000
"3324"," 154649-4",4,5,2,2," Jardim Carvalho",420,1980000
"3325"," 146282-4",4,4,3,3," Orfãs",273,1975000
"3326"," 131462-4",4,6,4,4," Orfãs",528,1950000
"3327"," 133281-4",4,2,4,2," Orfãs",408,1950000
"3328"," 125713-4",4,7,4,6," Orfãs",430,1950000
"3329"," 147346-4",4,1,3,2," Orfãs",270,1950000
"3331"," 84053-4",3,4,3,2," Oficinas",465,1950000
"3332"," 134521-4",4,4,3,3," Orfãs",607,1920000
"3334"," 98778-4",3,3,1,4," Jardim Carvalho",396,1875000
"3335"," 131470-4",3,4,1,4," Estrela",413,1860000
"3336"," 132225-4",3,5,3,2," Orfãs",320,1850000
"3338"," 150375-4",3,4,1,2," Oficinas",643,1850000
"3339"," 92025-4",4,2,2,2," Estrela",417,1850000
"3341"," 104594-4",4,3,2,3," Centro",462,1800000
"3343"," 145571-4",4,5,4,4," Jardim Carvalho",475,1800000
"3344"," 27694-4",4,4,3,2," Estrela",417,1800000
"3345"," 41624-4",4,6,4,2," Estrela",400,1800000
"3346"," 145159-4",3,4,3,2," Orfãs",462,1800000
"3348"," 111621-4",5,4,2,4," Estrela",300,1700000
"3349"," 146281-4",3,4,2,4," Jardim Carvalho",367,1700000
"3350"," 145046-4",4,4,4,2," Colônia Dona Luiza",301,1665000
"3352"," 146824-4",4,3,1,2," Oficinas",495,1600000
"3353"," 145654-4",3,4,3,4," Jardim Carvalho",367,1600000
"3355"," 99388-4",4,5,3,4," Estrela",381,1600000
"3356"," 149071-4",4,3,1,2," Estrela",406,1600000
"3357"," 134623-4",3,4,2,2," Oficinas",362,1600000
"3358"," 147446-4",3,4,3,4," Orfãs",260,1600000
"3361"," 151223-4",4,4,2,4," Jardim Carvalho",290,1550000
"3362"," 151243-4",3,5,3,8," Colônia Dona Luiza",432,1550000
"3363"," 84052-4",5,4,1,4," Colônia Dona Luiza",610,1550000
"3366"," 22408-4",3,2,1,6," Oficinas",600,1500000
"3370"," 148987-4",3,3,1,4," Oficinas",389,1500000
"3371"," 154380-4",4,3,1,2," Oficinas",600,1500000
"3372"," 151095-4",4,4,3,1," Oficinas",280,1500000
"3373"," 151263-4",3,4,3,3," Contorno / Sta. Paula",432,1500000
"3374"," 144417-4",3,4,3,2," Colônia Dona Luiza",320,1500000
"3375"," 148053-4",4,6,3,3," Olarias",300,1500000
"3376"," 75571-4",3,4,1,2," Oficinas",380,1500000
"3377"," 131560-4",3,5,3,3," Estrela",400,1500000
"3380"," 109826-4",3,5,3,2," Orfãs",535,1500000
"3382"," 131469-4",4,5,2,2," Jardim Carvalho",300,1480000
"3383"," 151240-4",4,5,4,4," Jardim Carvalho",338,1480000
"3384"," 99559-4",3,4,1,2," Jardim Carvalho",300,1450000
"3385"," 131554-4",5,3,1,3," Oficinas",720,1450000
"3386"," 144418-4",4,6,4,3," Colônia Dona Luiza",450,1420000
"3387"," 150631-4",3,4,1,4," Oficinas",400,1400000
"3390"," 18779-4",3,5,1,2," Oficinas",340,1400000
"3391"," 127057-4",3,4,0,2," Uvaranas",420,1400000
"3392"," 143582-4",3,3,3,2," Jardim Carvalho",275,1400000
"3393"," 126562-4",3,2,3,4," Jardim Carvalho",285,1400000
"3396"," 154381-4",3,5,3,3," Oficinas",300,1350000
"3397"," 151245-4",4,4,1,2," Jardim Carvalho",320,1350000
"3399"," 142891-4",3,4,3,2," Jardim Carvalho",356,1350000
"3400"," 94336-4",4,4,1,4," Jardim Carvalho",320,1330000
"3402"," 131448-4",3,3,1,2," Jardim Carvalho",380,1300000
"3403"," 117797-4",4,3,2,2," Contorno / Sta. Paula",450,1300000
"3404"," 150834-4",3,2,1,2," Uvaranas",200,1300000
"3405"," 27582-4",3,1,1,4," Estrela",575,1300000
"3406"," 154594-4",4,2,1,2," Jardim Carvalho",210,1300000
"3407"," 97217-4",3,3,1,2," Jardim Carvalho",256,1300000
"3408"," 22413-4",4,5,4,1," Oficinas",300,1300000
"3410"," 98490-4",4,6,4,4," Oficinas",300,1290000
"3411"," 118669-4",4,6,4,4," Oficinas",220,1280000
"3412"," 21282-4",3,5,3,4," Oficinas",330,1280000
"3413"," 82575-4",3,4,3,2," Oficinas",330,1280000
"3415"," 131461-4",3,4,3,2," Colônia Dona Luiza",300,1250000
"3416"," 131464-4",3,4,3,2," Neves",300,1250000
"3417"," 94215-4",3,4,3,2," Neves",280,1250000
"3418"," 126924-4",3,3,3,2," Jardim Carvalho",295,1250000
"3419"," 151093-4",3,5,3,2," Colônia Dona Luiza",245,1250000
"3420"," 22834-4",5,3,1,2," Jardim Carvalho",270,1250000
"3421"," 32809-4",5,5,1,4," Jardim Carvalho",375,1250000
"3422"," 131576-4",3,2,3,3," Orfãs",300,1250000
"3423"," 131813-4",3,3,3,2," Neves",282,1250000
"3424"," 131163-4",3,4,3,2," Neves",280,1250000
"3425"," 119865-4",4,4,1,2," Jardim Carvalho",300,1250000
"3426"," 83079-4",2,2,1,2," Oficinas",300,1250000
"3427"," 154324-4",3,6,3,4," Colônia Dona Luiza",296,1250000
"3428"," 130635-4",4,5,4,2," Oficinas",290,1230000
"3430"," 94389-4",4,3,1,4," Jardim Carvalho",442,1200000
"3431"," 154592-4",3,3,2,1," Oficinas",330,1200000
"3433"," 145978-4",3,4,1,2," Oficinas",320,1200000
"3435"," 143559-4",3,5,3,4," Colônia Dona Luiza",220,1200000
"3436"," 98911-4",5,3,2,4," Orfãs",570,1200000
"3437"," 132809-4",4,2,3,4," Orfãs",271,1200000
"3438"," 110266-4",3,5,3,2," Colônia Dona Luiza",300,1190000
"3439"," 110475-4",3,4,2,2," Jardim Carvalho",220,1190000
"3440"," 129595-4",3,5,3,4," Colônia Dona Luiza",300,1190000
"3441"," 130637-4",3,4,3,2," Colônia Dona Luiza",218,1190000
"3445"," 19242-4",3,5,3,4," Colônia Dona Luiza",290,1150000
"3447"," 146048-4",3,4,1,2," Jardim Carvalho",300,1150000
"3448"," 145022-4",3,3,3,2," Estrela",250,1125000
"3449"," 144300-4",3,3,1,2," Oficinas",252,1125000
"3450"," 20996-4",4,3,2,2," Jardim Carvalho",630,1100000
"3451"," 134380-4",3,2,3,2," Jardim Carvalho",323,1100000
"3452"," 132768-4",4,3,2,4," Uvaranas",634,1100000
"3453"," 148134-4",3,5,3,3," Jardim Carvalho",300,1100000
"3456"," 151615-4",3,3,1,4," Jardim Carvalho",237,1100000
"3457"," 120111-4",2,2,1,2," Oficinas",280,1100000
"3458"," 132347-4",3,5,3,3," Jardim Carvalho",320,1070000
"3459"," 147491-4",3,4,3,4," Jardim Carvalho",372,1050000
"3460"," 132589-4",3,2,3,2," Oficinas",350,1050000
"3462"," 104079-4",3,5,3,2," Estrela",495,1050000
"3464"," 148333-4",3,5,3,2," Jardim Carvalho",230,1050000
"3467"," 20993-4",4,4,1,2," Uvaranas",630,1e+06
"3468"," 98840-4",3,4,1,6," Jardim Carvalho",462,1e+06
"3469"," 96955-4",3,2,3,2," Jardim Carvalho",300,995000
"3470"," 106219-4",3,4,3,4," Colônia Dona Luiza",270,995000
"3473"," 146342-4",3,4,3,2," Colônia Dona Luiza",237,990000
"3474"," 146832-4",3,4,3,4," Oficinas",247,990000
"3475"," 37344-4",3,2,1,4," Oficinas",528,990000
"3477"," 146420-4",4,4,2,4," Estrela",400,990000
"3478"," 104562-4",3,3,1,4," Uvaranas",227,990000
"3479"," 105656-4",3,3,1,2," Oficinas",300,990000
"3480"," 27572-4",3,3,1,2," Oficinas",300,990000
"3481"," 99389-4",4,3,1,2," Jardim Carvalho",300,990000
"3482"," 144624-4",3,3,2,3," Centro",250,980000
"3484"," 110477-4",3,2,1,2," Jardim Carvalho",225,980000
"3485"," 131868-4",3,4,1,3," Oficinas",462,980000
"3486"," 133408-4",3,3,1,2," Jardim Carvalho",316,970000
"3489"," 20985-4",4,3,2,6," Jardim Carvalho",600,950000
"3490"," 146343-4",3,4,3,2," Colônia Dona Luiza",247,950000
"3491"," 146833-4",3,3,1,4," Oficinas",237,950000
"3492"," 147078-4",3,3,1,4," Jardim Carvalho",300,950000
"3493"," 126916-4",5,1,1,2," Uvaranas",250,950000
"3494"," 134915-4",3,3,1,4," Jardim Carvalho",185,950000
"3495"," 145791-4",3,3,1,2," Nova Rússia",350,950000
"3498"," 111515-4",4,3,2,3," Jardim Carvalho",332,930000
"3501"," 89490-4",3,3,1,4," Neves",300,915000
"3502"," 146381-4",6,5,2,4," Neves",319,9e+05
"3504"," 150417-4",5,3,0,4," Centro",230,9e+05
"3505"," 130245-4",3,5,3,4," Estrela",290,9e+05
"3506"," 143683-4",3,4,1,2," Jardim Carvalho",312,895000
"3507"," 107825-4",3,3,3,2," Oficinas",301,895000
"3508"," 131451-4",3,3,1,2," Oficinas",248,890000
"3510"," 130628-4",3,2,1,3," Oficinas",300,890000
"3512"," 148133-4",3,3,1,3," Oficinas",300,890000
"3513"," 110553-4",4,4,3,3," Estrela",297,890000
"3515"," 117816-4",3,5,3,4," Estrela",250,875000
"3516"," 147492-4",3,4,3,4," Uvaranas",300,850000
"3517"," 153599-4",4,2,1,5," Orfãs",288,850000
"3519"," 151083-4",6,3,1,4," Chapada",300,850000
"3520"," 151084-4",6,3,1,4," Chapada",300,850000
"3522"," 151196-4",3,3,1,2," Neves",214,850000
"3523"," 129502-4",4,4,1,4," Orfãs",462,850000
"3524"," 148061-4",3,3,1,5," Oficinas",280,850000
"3526"," 111359-4",3,4,1,4," Orfãs",390,850000
"3528"," 76953-4",4,4,1,4," Centro",364,850000
"3531"," 108341-4",4,4,4,3," Jardim Carvalho",450,845000
"3533"," 129413-4",3,3,2,6," Oficinas",190,820000
"3534"," 118446-4",4,3,1,4," Orfãs",235,8e+05
"3535"," 151081-4",3,2,1,3," Centro",148,8e+05
"3537"," 126485-4",3,2,1,3," Uvaranas",474,8e+05
"3539"," 154659-4",3,3,1,2," Centro",205,8e+05
"3542"," 129597-4",3,2,1,2," Neves",300,8e+05
"3545"," 20980-4",6,2,2,4," Oficinas",336,795000
"3546"," 146354-4",3,2,1,4," Cará-cará",132,795000
"3547"," 131445-4",3,3,1,2," Jardim Carvalho",300,790000
"3548"," 127100-4",3,2,1,2," Jardim Carvalho",165,790000
"3550"," 151202-4",3,2,1,3," Jardim Carvalho",165,790000
"3551"," 151209-4",3,3,1,4," Orfãs",210,790000
"3552"," 99513-4",3,3,1,2," Jardim Carvalho",165,790000
"3554"," 105766-4",3,3,1,2," Neves",300,790000
"3555"," 87395-4",3,3,1,2," Uvaranas",190,790000
"3559"," 142481-4",4,5,2,2," Orfãs",280,760000
"3564"," 83231-4",3,1,1,2," Jardim Carvalho",372,750000
"3565"," 21910-4",3,3,1,2," Neves",300,730000
"3571"," 154858-4",4,4,1,6," Boa Vista",640,7e+05
"3573"," 106906-4",3,5,2,2," Uvaranas",314,7e+05
"3575"," 81553-4",4,3,1,2," Nova Rússia",400,7e+05
"3576"," 125568-4",4,5,3,2," Uvaranas",314,7e+05
